topic,question,answer
registration,How do I register as a patient for the first time at this hospital?,New patients should visit the patient registration desk where staff create a patient ID and record personal details in the hospital system.
registration,Where is the patient registration counter located?,The registration counter is usually located near the main entrance or reception area of the hospital.
registration,What documents should I bring when registering as a new patient?,Hospitals usually ask for a valid photo ID and basic contact information when creating a new patient record.
registration,Can someone register a patient who cannot come to the hospital?,A family member or authorized representative may register the patient by providing identification and the required personal information.
registration,How long does patient registration normally take?,Registration usually takes only a few minutes once the necessary identification details are provided to the staff.
registration,Do I need to register again if I visited this hospital before?,"If you already have a patient ID on file, staff will usually confirm or update your existing details rather than create a new record."
registration,What happens after completing registration?,After registration the hospital system generates a patient ID which is used to access services and link medical records during future visits.
registration,Can I update my personal details after registering?,"Yes, patient contact and personal details can be updated at the hospital registration desk or administration office at any time."
registration,Is registration required before seeing a doctor at the hospital?,Most hospitals require patients to be registered in the system before they can be assigned to a doctor or receive scheduled treatment.
registration,Do I need to register separately for each department I visit?,"In most hospitals a single registration covers all departments, though some specialist units may require an additional referral or booking."
registration,What is a patient ID and why is it important?,A patient ID is a unique identifier assigned at registration that links all your medical records and appointments within the hospital system.
registration,What should I do if I lose my patient ID card?,Report the loss to the hospital registration desk where staff can verify your identity and issue a replacement patient ID.
registration,Can I register at the hospital without a fixed address?,Hospitals generally allow registration without a permanent address and will work with the patient to record available contact information.
registration,Is there a fee for registering as a new patient?,"Patient registration is typically free of charge, though fees may apply for specific services received after registration."
registration,Can I pre-register before arriving at the hospital?,Some hospitals offer online or telephone pre-registration so that your details are already in the system when you arrive.
registration,What happens if my registration details contain an error?,Errors in registration details should be reported to the registration desk as soon as possible so staff can correct them in the system.
registration,Do children need to be registered separately from their parents?,"Yes, each patient including children requires an individual registration record with their own patient ID in the hospital system."
registration,Can a carer register on behalf of a patient with a disability?,"A legal carer or guardian may complete registration on behalf of a patient who is unable to do so, provided they present appropriate documentation."
registration,How do I register for outpatient services specifically?,Outpatient registration is usually handled at a dedicated outpatient reception desk where staff create or confirm your patient record before your appointment.
registration,What is the difference between registration and booking an appointment?,Registration creates your patient record in the hospital system while booking an appointment schedules you to see a specific doctor or service on a given date.
registration,Can I register at any time of day?,"Registration desks are usually available during normal hospital opening hours, though emergency registration may be possible outside these times."
registration,What if I am registered at another hospital and want to transfer here?,Staff can create a new record at this hospital and may be able to request your previous records with your written permission.
registration,How does the hospital protect the personal information collected at registration?,Hospitals are required to store patient data securely and use it only for the purposes of providing healthcare and administrative services.
registration,Do I need to re-register if my name changes after marriage?,You should inform the registration desk of any legal name changes so that your records are kept accurate and consistent.
registration,Can I register on behalf of an elderly relative who does not speak the local language?,"Yes, a family member may assist with registration and some hospitals offer interpreter services to support patients with language needs."
registration,What if the registration desk is closed when I arrive?,"If the registration desk is closed, hospital reception staff can usually assist or direct you to an available point of contact."
registration,Is a separate registration needed for an emergency visit?,"Emergency patients are registered by emergency department staff on arrival, so you do not need to visit the main registration counter first."
registration,Can I view my registration details after they have been entered?,Patients can usually request to review or confirm their registered details at the hospital administration or registration desk.
registration,What happens to my registration record if I do not return to the hospital for a long time?,"Patient records are generally retained in the hospital system even if there is a long gap between visits, though staff may ask you to confirm your details are still current."
registration,How does the registration process differ for patients arriving by ambulance?,Patients arriving by ambulance are registered by emergency department staff on arrival and do not need to visit the main registration counter.
registration,Can I cancel or delete my patient registration?,Requests to remove or restrict access to patient records should be directed to the hospital administration or data management office.
registration,What if two patients share the same name in the system?,The hospital uses additional identifiers such as date of birth and address to distinguish between patients with the same name.
registration,Do I need to bring previous medical records when registering?,"You are not usually required to bring previous records to register, but bringing them may help staff provide more complete care."
registration,Can hospital staff help me fill in registration forms if I find them difficult?,"Yes, registration staff are available to assist patients who need help completing paperwork or understanding the process."
registration,How will I know if my registration was successful?,Staff will confirm registration is complete and provide you with your patient ID number or card before you leave the desk.
registration,What happens if I provide incorrect information at registration?,"If an error is discovered, the hospital will ask you to provide the correct details so the record can be updated in the system."
registration,Is my registration valid at all branches of the same hospital network?,"This depends on the hospital network, but in many cases your patient ID is recognised across multiple sites within the same group."
registration,Are there different registration procedures for inpatients and outpatients?,"Outpatient registration usually happens at the outpatient reception while inpatient admission involves a separate admissions process, though both link to the same patient record."
registration,What language options are available during registration?,Many hospitals can provide assistance in multiple languages either through bilingual staff or interpreter services upon request.
registration,Can I register using a passport instead of a national ID?,Most hospitals accept a valid passport as proof of identity during the registration process.
registration,Will the hospital share my registration details with my employer?,Hospitals do not share patient information with employers without the patient's explicit written consent except where required by law.
registration,How is a minor's registration handled if the parent is not present?,A legal guardian or designated adult must be present to authorise registration on behalf of a minor unless it is an emergency situation.
registration,What if I am homeless and have no fixed contact address to provide?,Registration staff can record alternative contact information and hospitals typically have procedures to accommodate patients without a fixed address.
registration,Can I register as a patient over the phone?,"Some hospitals accept telephone pre-registration, but you will usually need to confirm your details in person before receiving treatment."
registration,What is a hospital registration number and is it the same as a patient ID?,A registration number and patient ID generally refer to the same unique identifier assigned to you in the hospital system at the point of registration.
registration,Can I request a specific patient ID format such as a card or digital record?,"Hospitals determine the format of patient ID records, though many now offer both physical cards and digital entries accessible through patient portals."
registration,Do I need to register again after a gap of several years?,"Your existing record should still be on file, but staff may ask you to verify and update your details if significant time has passed since your last visit."
registration,How do I know which registration desk to go to in a large hospital?,"Hospital signage, reception staff, and information desks can all direct you to the correct registration point for your specific type of visit."
registration,Is the registration process different for referred patients?,"Referred patients may have some details already entered by the referring provider, but staff will still confirm your information at the registration desk."
registration,Can I register as a patient without health insurance?,"Yes, patient registration does not require health insurance. Billing and payment arrangements are handled separately from the registration process."
admission,What is an inpatient admission record and why is it created?,"An inpatient admission record is a formal entry in the hospital system that documents the patient's arrival, assigned ward, treating team, and reason for admission."
admission,Where should I go if a doctor recommends admission?,Patients should go to the hospital admission desk where staff process the paperwork and coordinate ward placement.
admission,What paperwork is completed during hospital admission?,"Admission paperwork records patient identity, referral information, the reason for admission, and consent for treatment."
admission,Who manages admission records in the hospital?,Admission records are maintained by the hospital administration or inpatient admissions office.
admission,Can family members assist during the admission process?,Family members may help provide required personal information when admission paperwork is being completed.
admission,How does the hospital confirm identity before admitting a patient?,Staff check identification documents and verify patient details against the existing record in the hospital system.
admission,What happens after admission is approved?,Once admission is processed the patient is assigned to a ward or treatment unit and care begins according to the clinical plan.
admission,What is the difference between planned and emergency admission?,Planned admission involves pre-arranged paperwork and a scheduled bed while emergency admission is handled immediately by emergency department staff.
admission,What should I bring with me when being admitted to hospital?,"Patients are usually advised to bring photo identification, any current medications, relevant medical documents, and personal essentials for their stay."
admission,How long does the hospital admission process typically take?,"Planned admissions are usually processed within an hour, though delays can occur if beds are unavailable or additional information is needed."
admission,Can admission be refused by the hospital?,"Admission may be deferred if the hospital cannot safely accommodate the patient, in which case staff will explain the next steps and alternatives."
admission,Who should I contact if my planned admission is delayed?,"Contact the hospital admissions office or the department you are due to be admitted to, as they can check the status and provide an update."
admission,Is a referral letter always required for admission?,"Planned admissions generally require a referral from a doctor, though emergency admissions do not require prior documentation."
admission,What consent forms are signed during admission?,Patients typically sign general consent for treatment and may be asked to sign additional consent forms for specific procedures or anaesthesia.
admission,Can a patient refuse admission after arriving at the hospital?,Patients have the right to refuse admission and staff will document the decision and may ask the patient to sign a form acknowledging the risks.
admission,How does the hospital assign a patient to a ward?,"Ward assignment is based on the patient's clinical condition, the treating specialty, and bed availability at the time of admission."
admission,What happens to a patient's belongings during admission?,"Patients are advised to keep valuables at home, but hospitals usually provide secure storage for essential personal items during a stay."
admission,Can a family member stay overnight with an admitted patient?,"Overnight stays for relatives are subject to hospital policy and ward-specific rules, and permission must usually be obtained from nursing staff."
admission,Will the hospital notify my family when I am admitted?,The hospital will contact next of kin if the patient provides consent or if the patient is unable to communicate their wishes.
admission,How is patient information shared between departments after admission?,The hospital system links the patient record across departments so that all clinical teams involved in care can access relevant information.
admission,Is there an admission fee separate from treatment costs?,"Admission itself does not usually carry a separate fee, but patients will receive a bill covering all services provided during the stay."
admission,What if a patient is admitted but their condition changes before a bed is available?,Clinical staff monitor patients awaiting bed assignment and will prioritise placement or escalate care if the condition changes.
admission,Can a patient request to be admitted to a specific ward?,Patients may state a preference but ward assignment is ultimately determined by clinical need and available capacity.
admission,What is a hospital admission number and how is it used?,"An admission number is a unique reference assigned each time a patient is admitted, used to track all activity and documentation related to that specific stay."
admission,How does the hospital handle admission for a patient who arrives unconscious?,Emergency staff initiate admission using available identification and will contact next of kin as soon as possible to obtain further information.
admission,Who is responsible for explaining the admission process to the patient?,Admission staff and the nursing team are responsible for explaining what will happen and answering questions when a patient arrives.
admission,Can admission paperwork be completed in advance of a planned procedure?,Many hospitals offer pre-admission clinics where patients complete paperwork and have assessments done before the actual admission date.
admission,What happens if a patient cannot sign admission consent forms?,"If a patient lacks capacity to consent, a legal guardian or next of kin may be consulted and the clinical team follows established protocols."
admission,How are patients admitted through the emergency department transferred to a ward?,"Once stabilised and assessed, emergency patients are assigned to an appropriate ward and their records are transferred within the hospital system."
admission,Does the hospital provide an interpreter during the admission process?,Interpreter services can usually be arranged for patients who do not speak the local language when this need is identified at admission.
admission,Can a patient be admitted to a private room?,"Private room availability depends on the hospital and may involve an additional charge, which should be confirmed with the admissions office."
admission,What is a pre-admission assessment and why is it carried out?,A pre-admission assessment checks the patient's health status before a planned procedure to ensure they are fit for treatment and to reduce delays on the day.
admission,What should I do if I need to cancel a planned admission?,Contact the admissions office as soon as possible so the slot can be reallocated and a new admission date can be arranged for you.
admission,How does the hospital record the reason for admission?,The admitting doctor provides a clinical summary and diagnosis which is recorded in the admission notes and linked to the patient record.
admission,Can a patient be transferred to another hospital after admission?,Transfers between hospitals can be arranged for clinical reasons and the admissions teams at both facilities coordinate the process.
admission,What is an admission wristband and why is it worn?,"An admission wristband displays the patient name, date of birth, and patient ID to allow staff to confirm identity before any procedure or medication."
admission,How does the hospital manage admission during periods of high demand?,"Hospitals may open additional temporary capacity, defer non-urgent admissions, or divert patients to nearby facilities when demand is very high."
admission,What is a pre-operative assessment and when is it required?,A pre-operative assessment is a clinical review carried out before a planned procedure to confirm the patient is fit for anaesthesia and surgery.
admission,What dietary information does the hospital collect at admission?,"Staff record dietary requirements, allergies, and religious or cultural food preferences at admission so the catering team can provide appropriate meals."
admission,How does a patient get admitted if referred by a general practitioner?,"The GP provides a referral letter and the hospital admissions office contacts the patient to arrange a date, confirm details, and complete pre-admission paperwork."
admission,What accessibility arrangements can be made for admission?,"Patients with mobility, sensory, or communication needs should inform the admissions team in advance so appropriate support and facilities can be arranged."
admission,Is there an age-specific admission process for elderly patients?,"Many hospitals have specialist admission pathways for older patients that include additional assessments for mobility, cognition, and social care needs."
admission,What if a patient arrives for a planned admission but is feeling unwell that day?,"Staff will assess the patient on arrival and may proceed with admission, reschedule, or refer back to the treating doctor depending on the clinical situation."
admission,Can a patient leave the hospital temporarily after being admitted?,Temporary leave from the ward requires approval from the clinical team and is usually only permitted if it is medically safe to do so.
admission,How are patients informed about the ward rules and schedule during admission?,"Nursing staff typically provide an orientation when the patient arrives on the ward, covering mealtimes, visiting hours, and other relevant information."
admission,What is the role of the admissions coordinator?,"The admissions coordinator manages the scheduling and paperwork for planned admissions, liaises between departments, and supports patients through the process."
admission,Can a patient request admission paperwork in a different language?,Hospitals aim to provide translated materials or interpreter support for patients who need documentation in a language other than the local one.
admission,What happens to existing medications when a patient is admitted?,The clinical team reviews all current medications at admission and records them in the patient file to guide safe prescribing during the hospital stay.
admission,How does the hospital confirm that a bed is available before admission?,The admissions office checks bed availability in the relevant ward and coordinates with bed management staff to confirm a placement before the patient arrives.
admission,What is an admission summary and when is it produced?,"An admission summary documents the patient's presenting condition, initial assessment, and planned treatment and is completed by the admitting doctor shortly after arrival."
records,How can I obtain a copy of my hospital medical records?,Patients can request medical records from the hospital records department by submitting a formal request and providing identity verification.
records,Where do patients collect discharge summaries?,Discharge summaries are usually issued by the hospital medical records office and can be collected in person or sent by post.
records,Can hospitals provide digital copies of reports?,Many hospitals provide electronic copies of reports through patient portals or as secure email attachments following a formal request.
records,How long does it take to receive requested medical records?,"Hospitals typically process records requests within a few working days, though complex requests involving older files may take longer."
records,Who stores patient medical files?,Patient medical files are stored securely by the hospital records department and are accessible only to authorised clinical and administrative staff.
records,Can someone else collect my medical records on my behalf?,An authorised representative may collect records by presenting their own identification along with written permission from the patient.
records,What information is included in a medical record?,"Medical records typically include personal details, clinical notes, diagnoses, treatment history, test results, and discharge summaries."
records,What should I do if my medical record contains incorrect information?,Patients can submit a correction request to the hospital records department along with supporting evidence of the correct information.
records,How long does the hospital keep patient records?,"Hospitals are required by law to retain patient records for a minimum number of years, which varies by country and type of record."
records,Is there a fee for requesting copies of medical records?,"Some hospitals charge an administrative fee for producing copies of records, particularly for large or complex requests."
records,Can I access my medical records online?,"Many hospitals offer a patient portal through which registered users can view their records, test results, and appointment history online."
records,What is a subject access request and how do I make one?,A subject access request is a formal request for your personal data held by the hospital and can be submitted in writing to the records or data protection office.
records,Are my medical records shared with other healthcare providers?,Records may be shared with other providers involved in your care but only with your consent or when required for clinical safety purposes.
records,Can I request records for a deceased family member?,Requests for deceased patients' records are subject to specific rules and usually require proof of next-of-kin status and a legitimate reason.
records,How do I transfer my medical records to a different hospital?,Contact the records department and provide written consent along with the receiving hospital's details so the transfer can be arranged.
records,What is the difference between a medical record and a discharge summary?,A discharge summary is a specific document produced at the end of a hospital stay while a medical record is the complete ongoing file of all clinical interactions.
records,Can I request records from a hospital visit several years ago?,"Older records can generally be requested from the hospital archives, though retrieval may take longer and availability depends on the hospital's retention policy."
records,What if the hospital cannot locate my medical records?,"If records cannot be found, the records department will investigate and may be able to retrieve them from an archive or advise on alternative sources."
records,Can I see my child's medical records?,"Parents or legal guardians may access records for children under their care, subject to the child's age and any specific legal or clinical considerations."
records,Are my mental health records kept separately from other medical records?,Mental health records are often subject to additional confidentiality protections and may be stored separately or with restricted access.
records,Can I annotate or add comments to my own medical record?,"While patients cannot directly edit hospital records, many hospitals allow patients to submit written statements to be appended to their file."
records,How are medical records protected from unauthorised access?,"Hospitals use secure systems, access controls, and staff training to protect patient records from unauthorised access or disclosure."
records,What happens to my records if the hospital closes?,"When a hospital closes, records are typically transferred to a designated authority or another facility to ensure continued availability."
records,Can I request only a specific part of my medical record?,"Yes, patients can request specific sections such as a particular test result, clinical letter, or admission summary rather than the entire file."
records,What format will my medical records be provided in?,Records are typically provided as printed copies or digital files depending on the hospital's capabilities and the patient's preference.
records,How do I know what information the hospital holds about me?,You can submit a subject access request to the hospital's data protection or records office to receive a summary of all personal data held.
records,Can my employer request my medical records from the hospital?,Employers cannot obtain medical records directly from the hospital without the patient's explicit written consent.
records,What should I do if I believe my medical records have been accessed without authorisation?,Report the concern to the hospital's data protection officer who is responsible for investigating and responding to such incidents.
records,Are X-ray and scan images included when I request my records?,"Imaging results including X-rays and scans can usually be requested as part of your records, though they may need to be provided on a disc or through a digital system."
records,How do I request records if I am unable to visit the hospital in person?,"Records requests can often be submitted by post, email, or through an online portal, with identity verification completed remotely if needed."
records,Can medical records be used as evidence in a legal case?,Medical records may be used in legal proceedings and the hospital can provide certified copies following a formal request through the appropriate legal channel.
records,What is a clinical letter and how do I get a copy?,"A clinical letter is a correspondence between doctors summarising your care, and copies can be requested from the hospital records department."
records,Can I request records in a different language?,"The hospital can provide records in the language they were created in, but translation services may need to be arranged separately by the patient."
records,How are electronic records backed up to prevent data loss?,Hospitals use secure server infrastructure with regular backups to protect electronic patient records from loss or system failure.
records,Can a solicitor request my records on my behalf?,A solicitor may request records on a patient's behalf provided they present written authorisation from the patient along with their own professional identification.
records,What happens to my records after I die?,Records are retained for a legally defined period after death and can be accessed by authorised next of kin or legal representatives for legitimate purposes.
records,Are immunisation records stored in the hospital patient file?,"Immunisation records administered at the hospital are included in the patient file, though records from other providers may be held separately."
records,How are records managed when a patient is treated across multiple departments?,"All departments contribute to the same central patient record, ensuring that the complete clinical history is available to all treating teams."
records,Can records be sent directly to another doctor outside the hospital?,Records can be sent to an external doctor with the patient's written consent and are typically sent by secure post or encrypted electronic transfer.
records,How do I report a data breach involving my medical records?,"Contact the hospital's data protection officer immediately, and you also have the right to report the breach to the relevant national data protection authority."
records,What is a summary care record and how does it differ from a full medical record?,A summary care record contains key information such as medications and allergies for use in urgent care settings while a full record contains the complete history of all clinical contacts.
records,Can I opt out of having my records shared for research purposes?,Patients usually have the right to opt out of non-essential data sharing for research and can do so by contacting the hospital's data management or records office.
records,How are paper records handled compared to electronic ones?,"Paper records are stored in secure physical archives while electronic records are held in protected digital systems, both subject to the same access and retention rules."
records,What if my records have been merged with another patient's file in error?,Report the issue to the records department immediately so staff can separate the files and ensure each patient's record is accurate and complete.
records,Can I request a summary of my diagnosis and treatment history?,"Yes, a clinical summary can be requested from the records department and is often produced as part of a discharge summary or referral letter."
records,Are surgical reports included in my medical records?,Surgical reports and operation notes are part of the clinical record and can be included when you request a copy of your medical file.
records,How does a hospital handle records for patients with the same name and date of birth?,"Additional identifiers such as address, contact number, and hospital ID are used to distinguish between patients with matching names and dates of birth."
records,Can I request my records if I was treated as an anonymous patient?,"Records created under an anonymous status may be linked to your identity if you can provide details that match the clinical record, subject to verification."
records,What is a records management policy and how does it affect patients?,"A records management policy sets the rules for how the hospital creates, stores, shares, and destroys patient records, directly affecting patient privacy and data access rights."
records,Can I see records from a previous hospital if that hospital has since merged with this one?,"If records from a merged facility were transferred to this hospital, staff in the records department may be able to locate and provide them upon request."
waiting_list,Why might a patient be placed on a hospital waiting list?,Hospitals use waiting lists when the demand for a procedure or specialist appointment exceeds the immediately available capacity.
waiting_list,How are waiting times for procedures determined?,"Waiting times depend on clinical priority, the complexity of the procedure, and the availability of specialists and theatre resources."
waiting_list,Who can explain my waiting time estimate?,Hospital administrative staff or the relevant outpatient department can provide general information about your current waiting list position.
waiting_list,What does a waiting time band mean?,A waiting time band is a range that estimates how long a patient is likely to wait before a treatment slot becomes available based on current demand.
waiting_list,Can my position on the waiting list change?,"Waiting list positions can change due to cancellations, changes in clinical urgency, or new slots becoming available ahead of schedule."
waiting_list,How are patients prioritised on a waiting list?,"Patients are prioritised based on medical urgency, clinical guidelines, and in some cases the length of time already spent waiting."
waiting_list,Where can I check my current waiting list status?,Patients can contact the hospital administration or relevant outpatient department directly to request an update on their waiting list position.
waiting_list,What should I do if my condition gets worse while I am on a waiting list?,Contact your referring doctor or the hospital as soon as possible so that your clinical priority can be reassessed and your position adjusted if necessary.
waiting_list,Can I be referred to a different hospital to reduce my waiting time?,"In some healthcare systems patients have the right to request referral to another provider with shorter waiting times, subject to eligibility criteria."
waiting_list,What happens when my turn on the waiting list comes up?,"The hospital will contact you to offer an appointment or admission date, and you will need to confirm your availability within a specified timeframe."
waiting_list,How will the hospital contact me when a slot becomes available?,"Hospitals typically contact patients by phone, letter, or email to notify them of an available appointment or procedure date."
waiting_list,What if I am unavailable when the hospital offers me a slot?,"Most hospitals will offer a limited number of alternative dates before reviewing your position on the list, so it is important to respond promptly."
waiting_list,Can I ask to be placed higher on the waiting list?,"Clinical priority is determined by medical need and cannot be changed based on personal requests alone, though a clinical review can be requested through your doctor."
waiting_list,How do I get placed on a waiting list?,A referral from your treating doctor is usually required before the hospital can add you to a waiting list for a procedure or specialist service.
waiting_list,Is there anything I can do to prepare while waiting for treatment?,"Your doctor may advise on lifestyle measures or interim medications, and the hospital may send preparatory information before your treatment date."
waiting_list,What happens if I miss a notification about an available slot?,"If you do not respond in time you may be moved down the waiting list or temporarily suspended, depending on the hospital's policy."
waiting_list,Can my waiting time be affected by hospital staff shortages?,Waiting times can increase when staffing or resource constraints reduce the number of procedures the hospital can carry out each week.
waiting_list,How are children's waiting times managed differently from adults?,Children may be subject to separate waiting time targets and may receive priority for certain procedures based on developmental or clinical considerations.
waiting_list,Can I find out how many patients are ahead of me on the list?,Most hospitals do not disclose exact queue positions but can indicate the expected waiting band based on current demand and capacity.
waiting_list,What is the difference between an urgent and routine waiting list?,Urgent waiting lists are for patients with time-sensitive clinical needs while routine lists are for conditions that can safely be treated within a longer timeframe.
waiting_list,How long is the average wait for a common elective procedure?,"Average waiting times vary significantly depending on the procedure, region, and current hospital capacity, and staff can give guidance specific to your situation."
waiting_list,Can a waiting list position be transferred if I move to a different area?,Moving to a new area may require re-referral to a local hospital and your existing waiting time may not always be carried over.
waiting_list,Is there a maximum legally permitted waiting time in this hospital?,Many healthcare systems set maximum waiting time targets and the hospital is obliged to inform you if it is unable to meet these targets.
waiting_list,Can I be on waiting lists at more than one hospital at the same time?,"This depends on the healthcare system and funding rules, but in some cases patients may be referred to multiple providers to access the earliest available slot."
waiting_list,What information will the hospital send me about my waiting list status?,The hospital may send a confirmation letter when you are added to the list and may provide updates if circumstances change significantly.
waiting_list,How does a cancellation affect waiting list management?,"When a patient cancels or a procedure is cancelled by the hospital, the freed slot may be offered to the next patient on the list."
waiting_list,Can a patient be removed from the waiting list without being treated?,"A patient may be removed if they no longer meet the criteria, cannot be contacted, decline all offered dates, or if their condition resolves before treatment."
waiting_list,What is a validation exercise in the context of waiting lists?,A validation exercise is a periodic review where the hospital contacts patients to confirm they still require treatment and wish to remain on the waiting list.
waiting_list,Does being on a waiting list mean I am officially a patient of the hospital?,"Being on a waiting list means you have been referred and accepted for a specific treatment, but full patient status is established when you attend for care."
waiting_list,Can I choose the day or time of my procedure once a slot is offered?,Hospitals try to accommodate preferences where possible but specific scheduling depends on theatre availability and clinical requirements.
waiting_list,What support is available for patients with long waiting times?,"Hospitals may connect patients with support groups, provide advice on managing symptoms, or flag cases for review if the wait is unusually long."
waiting_list,How does the hospital decide which procedures to prioritise during periods of high demand?,Clinical leadership reviews waiting lists and applies national guidelines to prioritise the most urgent cases when capacity is limited.
waiting_list,What happens if the doctor who referred me leaves the hospital?,"Your referral and waiting list position are associated with the hospital rather than the individual doctor, so a new doctor will take over your care."
waiting_list,Are waiting times published so patients can compare hospitals?,Many healthcare systems publish waiting time data publicly to allow patients to compare performance across different providers.
waiting_list,Can private patients access the same waiting list as NHS or public patients?,"Private and public patients are generally managed on separate waiting lists, with private patients often accessing faster routes through different funding arrangements."
waiting_list,How are paediatric waiting lists managed in the hospital?,Paediatric waiting lists are typically managed by specialist children's services and may have different targets and processes from adult lists.
waiting_list,What is a clock start in the context of waiting time measurement?,The clock start is the date on which the hospital accepts a referral and begins counting the patient's waiting time toward the target.
waiting_list,Can my waiting time be paused for any reason?,"Waiting times may be paused if the patient is temporarily unavailable, declines a reasonable offer, or if a clinical review determines treatment should be deferred."
waiting_list,How are patients with complex needs managed on waiting lists?,Patients with multiple conditions or complex care needs may be flagged for multidisciplinary review to ensure appropriate prioritisation and planning.
waiting_list,What does it mean if my waiting list status shows as suspended?,"A suspended status usually means your wait has been paused, often because you indicated you were unavailable or because a clinical review is pending."
waiting_list,Can I escalate my concern about a long wait to a senior member of hospital staff?,"Patients can raise concerns about waiting times with the patient relations office or the relevant department manager, who can review the situation."
waiting_list,What should I do if I have not heard from the hospital after a long period on a waiting list?,Contact the outpatient department or hospital administration to confirm your position on the list and ensure your contact details are up to date.
waiting_list,How are waiting list targets monitored in the hospital?,Waiting list performance is monitored by hospital management and reported to health authorities as part of regular quality and performance reviews.
waiting_list,Does waiting list position take into account how far a patient has travelled?,"Distance from the hospital is not usually a factor in waiting list prioritisation, though some hospitals consider transport needs when scheduling."
waiting_list,Can I request that my waiting list referral be cancelled?,"Yes, patients can request removal from a waiting list at any time by informing the hospital, and this will be recorded in the patient file."
waiting_list,How does a hospital manage a waiting list that is growing faster than it can treat patients?,"Hospitals may increase capacity through additional sessions, outsourcing to other providers, or by working with health authorities to address the backlog."
waiting_list,What is the role of the referral management centre in waiting list administration?,"A referral management centre receives and triages referrals from doctors, ensuring patients are directed to the most appropriate service before being added to a waiting list."
waiting_list,Are cancer waiting times managed differently from other waiting lists?,"Cancer referrals are subject to stricter and shorter waiting time targets due to the clinical urgency, and are tracked separately from routine waiting lists."
waiting_list,Can I request a second opinion while on a waiting list?,Patients have the right to request a second opinion and doing so does not automatically remove them from the current waiting list.
waiting_list,What is the impact of bank holidays on waiting list targets?,"Bank holidays reduce the number of working days in a period and may affect scheduling, though hospitals typically account for this in their planning."
complaints,How can a patient file a complaint about hospital services?,"Patients can submit complaints in person, by post, or through the hospital website via the patient relations or grievance office."
complaints,Where do I report a problem during my hospital visit?,"Concerns can be raised directly with ward staff, the nurse in charge, or by visiting the hospital patient feedback desk."
complaints,Who reviews patient complaints in the hospital?,"Complaints are usually reviewed by the patient relations team or hospital administration, who investigate and prepare a formal response."
complaints,Can patients provide written feedback about hospital services?,"Hospitals offer feedback forms, suggestion boxes, and online portals for patients to submit written comments or complaints."
complaints,What happens after a complaint is submitted?,"The hospital acknowledges the complaint, investigates the matter, and contacts the patient with a formal response within the agreed timeframe."
complaints,Is there a department responsible for handling complaints?,Most hospitals have a dedicated patient relations or PALS office that manages complaints and helps resolve concerns.
complaints,Can visitors also submit complaints about hospital services?,Visitors may submit complaints through the hospital feedback system and their concerns will be treated with the same process as patient complaints.
complaints,What documentation is produced when a complaint is investigated?,"A complaint investigation produces a case log, investigation notes, and a formal written response letter which are all retained on the hospital's complaints system."
complaints,Can I submit a complaint anonymously?,"Anonymous complaints can be submitted and the hospital will still investigate where possible, though the ability to respond directly is limited."
complaints,How long does the hospital have to respond to a complaint?,"Most hospitals aim to provide an initial acknowledgement within a few days and a full response within a defined period, typically two to four weeks."
complaints,What should I include when writing a complaint letter?,"A complaint should include your name and contact details, a clear description of what happened, the date and location, and what outcome you are seeking."
complaints,Can a family member submit a complaint on behalf of a patient?,"Yes, a family member or carer may submit a complaint on behalf of a patient, particularly if the patient is unable to do so themselves."
complaints,What if I am not satisfied with the hospital's response to my complaint?,"If unsatisfied, patients can escalate the complaint to a healthcare ombudsman or regulatory authority for independent review."
complaints,Will making a complaint affect the quality of my future care?,Hospitals are required to ensure that making a complaint does not negatively affect the treatment or care provided to the patient.
complaints,Can I complain about a specific member of staff?,Complaints about individual staff members are investigated by the relevant department manager and human resources according to hospital policy.
complaints,What is the difference between a formal and informal complaint?,An informal concern is usually resolved quickly through direct discussion with staff while a formal complaint triggers a documented investigation and written response.
complaints,Can I withdraw a complaint after submitting it?,"Patients may request to withdraw a complaint at any time and the hospital will close the case, though a record may still be kept for governance purposes."
complaints,Is there a time limit for submitting a complaint?,"Most hospitals require complaints to be submitted within a set period, typically twelve months from the event or from when you became aware of the problem."
complaints,Can I complain about a referral decision?,"Yes, patients can challenge a referral decision by submitting a complaint to the patient relations office and requesting a clinical review."
complaints,What support is available when making a complaint?,Patient advocacy services and independent complaints advisors can provide guidance and support throughout the complaints process.
complaints,How does the hospital use complaints to improve services?,Complaints are analysed by quality and governance teams to identify patterns and implement service improvements to prevent recurrence.
complaints,Can I make a complaint about waiting times?,"Yes, concerns about excessive waiting times can be submitted as a formal complaint and will be reviewed against the hospital's target performance."
complaints,What happens if my complaint involves a serious clinical incident?,Serious incidents trigger a separate investigation process involving clinical governance teams and may result in a duty of candour disclosure to the patient.
complaints,Can I request a meeting with the hospital to discuss my complaint?,"Yes, patients may request a face-to-face meeting with a complaints manager or clinical representative to discuss the concerns and seek resolution."
complaints,Will I be told the outcome of any action taken following my complaint?,Hospitals inform complainants of the findings and any actions taken as a result of the investigation in the formal response letter.
complaints,Can I complain about the hospital's billing or administrative processes?,Billing and administrative complaints are handled by the relevant department and can be submitted through the hospital's standard complaints procedure.
complaints,What is a duty of candour and how does it relate to complaints?,"A duty of candour requires hospitals to be open and honest with patients when something goes wrong, which may include proactively offering information before a complaint is made."
complaints,Can I complain if I feel my privacy was breached during my hospital visit?,Privacy concerns should be reported to the patient relations office and may also be referred to the hospital's data protection officer for investigation.
complaints,How are complaints about out-of-hours services handled?,"Out-of-hours complaints are managed through the same patient relations process as standard complaints, with relevant staff from those services included in the investigation."
complaints,Can I complain about the attitude or communication of a member of staff?,Communication and attitude concerns are valid grounds for a complaint and are investigated as part of the normal staff conduct and patient experience review process.
complaints,What is a complaint reference number and why is it important?,A complaint reference number uniquely identifies your case in the hospital system and should be quoted in all follow-up correspondence.
complaints,Can I request copies of any documents related to my complaint investigation?,Patients may request documentation related to their complaint investigation subject to any limitations that protect staff confidentiality during the process.
complaints,What happens if a complaint reveals a safeguarding concern?,If a safeguarding issue is identified during a complaint investigation the hospital is obliged to refer the matter to the appropriate safeguarding authority.
complaints,Can I complain about the food or accommodation during my hospital stay?,"Concerns about catering, hygiene, or room standards are valid complaints and can be submitted through the patient feedback or relations office."
complaints,What if I feel the hospital is not taking my complaint seriously?,Patients can escalate unresolved concerns to the hospital's chief executive office or to an independent healthcare regulator for further review.
complaints,Are complaints about private hospitals handled differently from NHS complaints?,"Private hospital complaints may follow different regulatory pathways and independent review bodies, though the general principle of formal investigation and response applies."
complaints,Can I submit a complaint on behalf of a patient who has died?,Next of kin or authorised representatives may submit complaints on behalf of a deceased patient subject to providing relevant documentation.
complaints,How does the hospital communicate the outcome of a complaint to the patient?,"The hospital sends a written response summarising the investigation findings, explaining any actions taken, and informing the patient of their right to escalate further."
complaints,Can I raise concerns about the hospital environment such as noise or cleanliness?,"Environmental concerns are taken seriously and can be reported to ward staff, the patient relations office, or through the hospital's feedback system."
complaints,What is an ombudsman and when should I contact one?,A healthcare ombudsman is an independent body that reviews complaints that have not been resolved satisfactorily by the hospital itself.
complaints,How are verbal complaints handled by hospital staff?,"Verbal complaints should be listened to and addressed promptly by the staff member present, with escalation to a manager if needed, and a record should be made."
complaints,Can I complain about being discharged too early?,Concerns about premature discharge are valid complaints and will be reviewed by clinical governance staff to assess whether the discharge decision was appropriate.
complaints,What is a patient experience survey and how is it different from a complaint?,A patient experience survey is a routine feedback tool used to measure general satisfaction while a complaint is a specific concern requiring investigation and a formal response.
complaints,Can the hospital refuse to investigate a complaint?,"Hospitals may decline to investigate in limited circumstances, such as when the complaint falls outside their jurisdiction, and must explain the reason in writing."
complaints,How are complaints about infection control or hygiene handled?,"Infection control complaints are reviewed by the hospital's infection prevention team as well as the patient relations office, given their clinical significance."
complaints,What if my complaint is about a contracted service within the hospital such as parking or catering?,"The hospital can still receive and forward the complaint to the relevant contractor, and should ensure a response is provided to the patient."
complaints,Can I complain during my hospital stay rather than after?,"Yes, patients are encouraged to raise concerns as early as possible during their stay so that they can be resolved promptly without waiting until discharge."
complaints,Are there any complaints that the hospital cannot investigate?,Complaints that are subject to active legal proceedings or that fall outside the defined timeframe may not be investigated through the standard complaints process.
complaints,How do I find the hospital's complaints policy?,"The complaints policy is usually available on the hospital's website, at the reception desk, or can be requested from the patient relations office."
complaints,What is a learning response in the context of complaints?,A learning response is when the hospital uses the findings from a complaint to make specific improvements to prevent similar issues occurring in the future.
navigation,How can I find the radiology department inside the hospital?,Visitors can ask for directions at the hospital information desk or follow the directional signs displayed throughout the building.
navigation,Where is the diagnostic laboratory located?,"The hospital information counter can direct visitors to the diagnostic laboratory, which is often located in a clinical services area of the building."
navigation,How do I reach the outpatient clinic area?,"Reception staff can explain the route to the outpatient clinic area, which is usually accessible from the main hospital entrance."
navigation,How do I get to the hospital pharmacy from the main entrance?,"From the main entrance follow the pharmacy signs along the ground floor corridor, or ask any member of staff for directions to the dispensary."
navigation,How do I reach the billing office?,"Hospital reception staff can provide directions to the billing office, which handles payment and invoice queries."
navigation,Is there a map available for navigating the hospital?,Many hospitals provide printed maps at the main entrance and digital maps through their website or patient app.
navigation,Who helps visitors find hospital departments?,Information desk staff are available to assist visitors with directions to any department within the hospital.
navigation,Where can I ask for directions if I am lost inside the hospital?,Visitors can approach any reception desk or information counter within the building for guidance.
navigation,How do I locate the emergency entrance?,"The emergency entrance is usually signposted from the hospital car park and road approach, and reception staff can also direct you."
navigation,Where is the patient services desk located?,The patient services desk is usually situated near the main hospital reception area and is clearly signed.
navigation,How do I find the maternity unit?,The maternity unit is usually located on a dedicated floor and is clearly signposted from the main entrance and lifts.
navigation,Where is the physiotherapy department?,Physiotherapy is often located in the outpatient wing and can be found by following signs or asking at the information desk.
navigation,Where is the cardiology outpatient clinic?,The cardiology outpatient clinic is typically in the specialist outpatient block and is signposted from the main hospital corridor and lift lobby.
navigation,Where is the surgical ward located?,Surgical wards are typically on upper floors of the inpatient building and are reached by the main lifts from the hospital entrance.
navigation,Where can relatives wait when a patient is in surgery?,Hospitals usually have a designated family waiting area near the surgical unit where staff can provide updates during procedures.
navigation,How do I get to the blood collection or phlebotomy area?,The phlebotomy area is often near the main outpatient reception and is usually signposted throughout the hospital.
navigation,Where is the MRI unit located?,The MRI unit is usually located in the imaging or radiology department and can be reached by following imaging signs from the main corridor.
navigation,How do I find the oncology department?,The oncology department is usually in a dedicated wing and can be reached by following signs or asking at the main information desk.
navigation,Where is the paediatric ward?,The paediatric ward is typically on a separate floor or in a dedicated children's area of the hospital with its own signage.
navigation,How do I find the intensive care unit visitor area?,The ICU visitor area is adjacent to the intensive care ward and visitors should first check in with nursing staff before entering.
navigation,How can I read the signs inside the hospital if I am unfamiliar with the layout?,"Hospital signs use colour coding and department names to guide visitors, and staff at any information point can help interpret them."
navigation,Is there a hospital directory available to find departments?,"A printed or digital hospital directory is usually available at the main entrance showing all departments, floor numbers, and contact extensions."
navigation,How do I use the lifts in the hospital to reach upper floors?,"Floor information is displayed inside each lift and on corridor signs, and reception staff can advise on which floor your destination is on."
navigation,Are there accessible routes for wheelchair users in the hospital?,"Hospitals provide step-free access routes and accessible lifts throughout the building, and staff at reception can describe the most suitable route."
navigation,Where can I park when visiting the hospital?,Hospital car parks are usually signed from the main road approach and parking information is available on the hospital website or at the main entrance.
navigation,Is there a drop-off zone at the hospital entrance?,Most hospitals have a designated drop-off area at or near the main entrance for patients who cannot walk from a car park.
navigation,How do I access the hospital by public transport?,Public transport routes and timetables serving the hospital are usually listed on the hospital website and at the main reception.
navigation,Where can I find an ATM inside the hospital?,ATMs are often located in the main entrance area or near the hospital cafeteria and are marked on hospital maps.
navigation,Where is the hospital cafeteria or restaurant?,The cafeteria is usually on the ground floor or near a central atrium and is clearly signposted from the main corridors.
navigation,Is there a prayer or quiet room available in the hospital?,Many hospitals provide a multi-faith prayer or quiet room and its location can be found on the hospital directory or by asking at reception.
navigation,Where is the family waiting area for inpatients?,Family waiting areas are usually located close to the relevant ward or department and ward staff can direct visitors to the nearest one.
navigation,Where is the pharmacy collection point for discharge prescriptions?,Discharge prescriptions are usually collected from the outpatient pharmacy which is near the main entrance or discharge lounge.
navigation,How do I find the hospital at night when some entrances are closed?,"Out-of-hours access is usually through the emergency entrance, and this is signposted from the road with security staff available at the door."
navigation,How do I navigate the hospital if I have a visual impairment?,"Hospitals provide tactile flooring, audio announcements in lifts, and staff assistance for visually impaired visitors, who can ask for escort services at reception."
navigation,How can I help an elderly relative navigate the hospital?,"Staff at the information desk can assist elderly visitors, and many hospitals offer volunteer patient guides or porter services to accompany those who need help."
navigation,What should I do if I become confused or disoriented inside the hospital?,"Stay near a reception desk or nursing station and ask any member of staff for help, as they can orient you and escort you to your destination."
navigation,Is there signage in multiple languages inside the hospital?,Many hospitals display key signs in multiple languages and information desk staff can assist visitors who need guidance in a specific language.
navigation,Where can I find the hospital chapel?,The hospital chapel is typically located on the ground floor or near the patient accommodation areas and is marked on the hospital map.
navigation,How do I find the social work or patient support office?,The social work office is usually within the hospital's administrative area and can be located using the hospital directory or by asking at reception.
navigation,Where is the hospital's volunteer or patient guide service based?,Volunteer services are often coordinated from the main entrance or information desk where guides are stationed during peak visiting hours.
navigation,Can I access hospital wifi to use navigation apps during my visit?,Many hospitals provide free guest wifi and the network name is usually displayed at the main entrance or on information boards.
navigation,Where do I go for a pre-operative assessment appointment?,Pre-operative assessment clinics are usually in the outpatient area or a dedicated pre-assessment unit and are signposted from the main entrance.
navigation,How do I find the stroke unit or rehabilitation ward?,Stroke and rehabilitation wards are typically in the inpatient block and can be reached following ward signs or asking at the main information desk.
navigation,Where is the hospital's health records or medical secretaries office?,Medical secretaries and health records staff are often based in administrative offices within the outpatient block and the location can be confirmed at reception.
navigation,How do I find the endoscopy unit?,The endoscopy unit is usually in the day procedures area of the hospital and is signposted from the outpatient corridor.
navigation,Is there a children's play area or waiting space in the hospital?,Many hospitals have a dedicated children's play area near the paediatric outpatient clinic and this is usually marked on the hospital map.
navigation,How do I navigate between hospital buildings if the site has multiple blocks?,"Hospital sites with multiple buildings use outdoor signage and maps to guide visitors between blocks, and reception staff can provide walking directions."
navigation,Where is the hospital's research or clinical trials office?,The research office is usually within the hospital's academic or administrative wing and can be reached by asking at the main information desk.
navigation,Can I bring a buggy or pram into the hospital?,"Buggies and prams are generally permitted in public areas of the hospital, and lifts and accessible routes are available throughout the building."
navigation,Where do I go for a post-discharge follow-up outpatient appointment?,Follow-up appointments are usually held in the relevant outpatient department and your appointment letter will specify the exact location and floor.
navigation,How do I find the hospital's mental health or psychiatry unit?,Mental health services may be located in a separate wing or building on the hospital site and the information desk or reception can provide directions.
navigation,Where is the nearest smoking area to the hospital?,Hospitals generally have designated smoking areas outside the building boundary and these are marked on the hospital map near the main entrance.
navigation,Where do I report to for a day surgery appointment?,"Day surgery patients should report to the day procedures unit, which is usually signposted from the main entrance and can be confirmed at reception."
navigation,How do I find the hospital's occupational therapy department?,The occupational therapy department is often within the rehabilitation services area and its exact location can be found on the hospital directory.
navigation,Is there a patient transport desk inside the hospital?,Some hospitals have a patient transport coordination desk near the main entrance or discharge lounge where transport bookings are managed.
discharge,How does the hospital decide when a patient is ready for discharge?,"The treating clinical team assesses whether the patient's condition is stable, treatment goals have been met, and safe care can continue at home."
discharge,Who approves a patient's discharge from hospital?,"Discharge is authorised by the responsible clinician, usually the consultant or registrar in charge of the patient's care."
discharge,What paperwork is issued when a patient is discharged?,"Patients typically receive a discharge summary, medication list, follow-up appointment details, and any relevant care instructions at the point of discharge."
discharge,Where do I go to complete the discharge process?,Discharge formalities are usually completed at the ward or in a dedicated discharge lounge where staff finalise paperwork and arrange transport if needed.
discharge,Can a patient request to be discharged earlier than the clinical team recommends?,"Patients may self-discharge against medical advice, and staff will explain the risks and ask the patient to sign a form acknowledging their decision."
discharge,What happens if a patient's discharge is delayed?,"Delays can occur due to outstanding test results, medication preparation, or arrangements for home care, and staff will keep the patient informed."
discharge,Does a family member need to be present at the time of discharge?,Family presence is not always required but is recommended if the patient needs assistance getting home or requires support in the early period after discharge.
discharge,What follow-up appointments are arranged during discharge?,The discharge team arranges any necessary outpatient follow-up appointments and provides dates or referral letters before the patient leaves the ward.
discharge,What is a discharge summary and what information does it contain?,"A discharge summary documents the patient's diagnosis, treatment received, medication changes, and recommendations for ongoing care after leaving hospital."
discharge,How can I get a copy of my discharge summary if I did not receive one?,Contact the hospital records or medical secretaries office with your admission dates and they can arrange for a copy to be sent to you.
discharge,Will the hospital send my discharge summary to my general practitioner?,Discharge summaries are routinely sent to the patient's GP to ensure continuity of care in the community following the hospital stay.
discharge,What medications will I receive when I am discharged?,The ward pharmacist prepares a supply of any new or changed medications and provides instructions on how to take them correctly.
discharge,Can I be discharged if I do not have anyone to take me home?,The hospital social work team or discharge coordinator can help arrange transport or temporary accommodation if the patient has no one to assist them.
discharge,What is a discharge lounge and how does it work?,A discharge lounge is a designated waiting area where patients who are medically ready to leave can wait comfortably while final arrangements are made.
discharge,What if I feel my discharge is premature and I am not well enough to leave?,"Patients should raise concerns with the nurse in charge or request a review by the clinical team before leaving, and may submit a formal complaint if they remain dissatisfied."
discharge,Will the hospital arrange home care services if I need support after discharge?,"The discharge team assesses care needs and can refer patients to community nursing, home help, or other support services before they leave hospital."
discharge,What equipment can the hospital provide when I am discharged?,"Equipment such as crutches, walking frames, or dressings may be provided or arranged through the community occupational therapy or physiotherapy team."
discharge,Can discharge be arranged for a specific time or day that suits me?,"Discharge timing is primarily determined by clinical readiness and ward capacity, though staff will try to accommodate reasonable requests where possible."
discharge,What should I do when I arrive home after being discharged?,"Follow the care instructions provided in your discharge paperwork, take medications as directed, and contact your GP or the hospital if you have concerns."
discharge,Who should I contact if my condition worsens after discharge?,"Contact your GP in the first instance or call the hospital's advice line if you have one, and go to the emergency department if the situation is urgent."
discharge,Can the hospital arrange transport home when I am discharged?,Patient transport can be arranged through the hospital transport service for patients who are medically eligible and unable to use other transport.
discharge,What is a discharge care plan and who is responsible for it?,A discharge care plan is a document summarising the ongoing care needs and support required after leaving hospital and is prepared by the nursing and social care team.
discharge,Can I return to the ward to collect belongings after discharge?,"Most hospitals ask patients to collect all belongings before leaving, but contact the ward directly if an item was left behind."
discharge,How does the hospital communicate discharge plans to community services?,The discharge coordinator contacts community services such as district nursing or social care in advance to ensure services are in place when the patient arrives home.
discharge,Is there a discharge checklist patients should go through before leaving?,"Many hospitals use a discharge checklist covering medications, follow-up appointments, care instructions, and contact numbers that staff go through with the patient."
discharge,What happens to the patient's hospital record at the time of discharge?,"The clinical team completes the record, the discharge summary is finalised, and the record is closed for that admission while remaining accessible to authorised staff."
discharge,Can a patient be discharged to a care home rather than their own home?,"If a patient cannot return home safely, the hospital social work team can arrange a placement in a residential or nursing care facility."
discharge,Who should I contact if I have not received my discharge medications?,Contact the ward or hospital pharmacy as soon as possible so they can check what was prescribed and arrange for the medication to be provided.
discharge,What is an early supported discharge scheme?,An early supported discharge scheme provides intensive community support enabling some patients to leave hospital sooner than they otherwise would while continuing their recovery at home.
discharge,Can I be discharged on a weekend or bank holiday?,"Hospitals aim to discharge patients whenever they are clinically ready, though some community services may be reduced at weekends which can occasionally cause delays."
discharge,What should carers know before a patient is discharged into their care?,"Carers should be informed about the patient's condition, medications, any special care requirements, and who to contact if problems arise."
discharge,What is a complex discharge and how long does it take to arrange?,A complex discharge involves patients with significant care needs and may take several days to arrange as community services and equipment need to be coordinated.
discharge,Can I appeal a discharge decision I disagree with?,Patients who disagree with a discharge decision should speak to the ward manager or patient relations team and may request a formal clinical review.
discharge,Will I be given written instructions for wound care or dressing changes at home?,"Yes, patients with ongoing wound care needs receive written instructions and may be referred to a community nurse for continued support at home."
discharge,What if I have no fixed home address to be discharged to?,The hospital social work team will work with the patient and relevant authorities to identify safe accommodation before discharge can be completed.
discharge,How does the hospital ensure a safe discharge for elderly patients living alone?,"A multidisciplinary team including nurses, social workers, and therapists assesses the home situation and arranges appropriate support before discharge."
discharge,What is a discharge coordinator and what do they do?,"A discharge coordinator manages the logistical and social aspects of the discharge process, liaising between ward staff, community services, and the patient."
discharge,Can I choose which pharmacy receives my discharge prescription?,"You may be able to nominate a community pharmacy to receive your prescription electronically, depending on the hospital's systems."
discharge,How do I know if I need a follow-up blood test or scan after discharge?,The discharge summary will specify any tests required and whether these are arranged by the hospital or should be requested through your GP.
discharge,What if I need physiotherapy after I am discharged?,The hospital physiotherapy team will arrange community or outpatient physiotherapy before discharge if ongoing treatment is needed.
discharge,Can a patient be readmitted if their condition deteriorates after discharge?,Patients who deteriorate after discharge should seek urgent help and may be readmitted through the emergency department or following a GP referral.
discharge,Will I be told the results of any tests that come back after I have been discharged?,Any outstanding test results are usually communicated through your GP or by the hospital clinical team and will be explained to you.
discharge,What happens if a patient refuses to leave hospital at the agreed discharge time?,"If a patient refuses discharge, the clinical and social work teams will assess the concerns, and the situation will be managed with the patient's welfare in mind."
discharge,Can I request a second opinion before accepting a discharge decision?,"Patients have the right to request a second clinical opinion before agreeing to discharge, and this should be raised with the ward manager or consultant."
discharge,What is the role of the ward nurse in the discharge process?,"Ward nurses coordinate the practical aspects of discharge including medication preparation, patient education, and ensuring all paperwork is complete before the patient leaves."
