question,answer,topic
Can I request a physical copy of the doctor's notes after my consultation?,Patients can request a copy of their consultation letter or clinical notes through the hospital records department after the appointment.,consultation
What happens if my results are normal?,"Normal results may be communicated by letter or through the patient portal, and a follow-up appointment may or may not be needed depending on the clinical situation.",results
Can I request an explanation of what my test results mean?,You may ask the doctor or nurse to explain your results in detail during a follow-up appointment or by contacting the clinic.,results
Can I add additional medical information to my referral after it has been sent?,"Contact your GP who can send a supplementary letter to the hospital, or bring the additional information to your appointment for the specialist to review.",referral
Can I ask the doctor to liaise directly with my employer or insurer?,The doctor can produce a clinical letter or report for specified purposes but will require your written consent before sharing information externally.,consultation
What is a shared decision-making appointment?,A shared decision-making appointment is a structured consultation where the doctor presents treatment options and the patient is actively involved in choosing the most suitable one.,consultation
How are urgent test results communicated to the patient?,Urgent or critical results are communicated directly by the clinical team by phone as soon as possible and will not wait for a scheduled appointment.,results
What is a responsible clinician and how does this differ from a named consultant?,"A responsible clinician is the lead professional responsible for a patient's overall care under the Mental Health Act, while a named consultant is used more broadly for general hospital care.",doctor_info
How do I get a referral to see a specialist at the hospital?,"Referrals to hospital specialists are usually arranged by your GP, who assesses your condition and sends a referral letter to the relevant department.",referral
How are results shared with the patient if they are being managed in a different country?,"International patients can receive results and clinical letters electronically or by post, and the team will confirm the best method during the appointment.",results
What is a follow-up appointment and when is it scheduled?,"A follow-up appointment is a review scheduled after a consultation or procedure to assess progress, discuss results, or adjust treatment.",results
What should I do if I feel anxious about attending my appointment?,Let the reception staff know you are feeling anxious and they can arrange for early notification when the doctor is ready and may be able to seat you in a quieter area.,practicalities
Are children allowed in the outpatient waiting area?,"Children may accompany patients to outpatient departments, though they should be supervised at all times and some clinical areas may restrict access for safety reasons.",practicalities
Can I request continuity of care and see the same doctor at every appointment?,"Continuity of care can be requested and the booking team will try to schedule appointments with the same clinician, subject to availability.",consultation
What languages does the hospital's clinical staff speak?,The hospital can advise on language capabilities within the clinical team and can arrange interpreter services if no suitable clinician is available.,doctor_info
How does a mental health referral differ from a physical health referral?,"Mental health referrals may follow specific pathways such as IAPT or CMHT depending on severity, and the assessment process differs from standard outpatient referrals.",referral
Can I reschedule if I receive my appointment letter with very short notice?,"If you receive short notice and cannot attend, contact the department immediately to reschedule without penalty as this is recognised as an exceptional circumstance.",cancellation
Can I request a quiet waiting area if I have sensory sensitivities?,Let the reception team know about any sensory needs and staff will try to accommodate you in a quieter area or arrange to be called rather than waiting in a busy space.,practicalities
Can I cancel only one appointment in a series without affecting the others?,Contact the scheduling team to cancel a specific appointment in a series and they can adjust the schedule without removing the remaining bookings.,cancellation
Can the hospital proactively book my next appointment without me having to call?,Many departments use an automated recall system that books follow-up appointments and sends you a date without requiring you to initiate contact.,booking
What is an advice and guidance referral?,"An advice and guidance referral allows a GP to seek specialist opinion on a patient's management without a formal outpatient appointment, reducing unnecessary hospital visits.",referral
Can I appeal if I have been removed from the waiting list due to non-attendance?,Patients may contact the department or patient relations office to explain the circumstances and request reinstatement on a case-by-case basis.,cancellation
What should I do if I disagree with the doctor's recommendation?,"You may ask for a further explanation, request a second opinion, or speak to the patient relations team if you remain concerned.",consultation
What should I do if the hospital cancels my appointment?,"The hospital will contact you to offer a new date, and if the rescheduled date is unsuitable you should call the booking team to discuss alternatives.",cancellation
Can I book an urgent appointment if my condition has recently worsened?,Contact the relevant department directly and explain the urgency so that staff can assess whether an earlier slot can be provided.,booking
How do I cancel a doctor's appointment?,"Appointments can be cancelled by calling the outpatient reception, using the online patient portal, or responding to the appointment reminder message.",cancellation
Can my GP access the results of tests done at the hospital?,"Hospital test results are routinely shared with the patient's GP as part of coordinated care, usually through a clinic letter or electronic system.",results
How is urgent clinical information communicated to me after a consultation?,"If urgent results or concerns are identified after your appointment, the clinical team will contact you by phone and arrange an urgent follow-up.",consultation
Can I ask the doctor about their personal success rate with my treatment?,Patients may ask about outcomes and the doctor should be transparent about results while contextualising them within the appropriate clinical framework.,doctor_info
Is there a limit to how many appointments I can have in a given period?,"There is generally no fixed limit, though appointment frequency is guided by clinical need and the treating doctor's recommendations.",booking
What happens if follow-up results show my condition has deteriorated?,The clinical team will contact you promptly to discuss revised treatment options and may arrange an urgent appointment or hospital admission if needed.,results
Can an appointment be cancelled by the referring doctor?,"A referring doctor may request cancellation or deferral of an appointment, in which case the hospital will contact the patient with revised arrangements.",cancellation
What should I do if I feel unwell in the waiting room?,Alert reception staff immediately if you feel unwell in the waiting area so that clinical staff can assess you promptly.,practicalities
Can I ask the radiographer to tell me my scan results immediately after the scan?,"Radiographers are not qualified to interpret results clinically and cannot provide a diagnosis, as the images must be reviewed and reported by a radiologist first.",results
Can I cancel my appointment by email?,Some departments accept cancellations by email but calling the booking line is the most reliable method to ensure the slot is promptly released.,cancellation
Can I be referred for physiotherapy without seeing a doctor first?,Many hospitals and clinics accept direct self-referrals for physiotherapy without requiring a GP or doctor referral.,referral
What happens if I arrive early for my appointment?,"Let the reception desk know you have arrived and wait in the designated area, as the doctor may be able to see you earlier if the schedule allows.",consultation
Can I be referred to more than one specialist at the same time?,"Multiple concurrent referrals are possible if more than one specialist is clinically required, and this is determined by the GP and hospital clinicians.",referral
What is a shared care arrangement following a referral?,"Shared care is when the hospital specialist and GP jointly manage a patient's condition, with defined responsibilities for prescribing and monitoring.",referral
How do I know which floor or room number my appointment is in?,"The appointment letter usually specifies the floor and clinic name, and directional signs and hospital staff can help you find the exact location on arrival.",practicalities
Is there a patient transport service for those who cannot travel independently?,Non-emergency patient transport is available for patients who are medically unable to use other means and eligibility can be confirmed by contacting the transport team.,practicalities
Can I book an appointment if I do not have a GP?,"Patients without a GP may be able to book directly for some services, though many specialist clinics still require a referral from a primary care provider.",booking
What is a results helpline and does this hospital have one?,"Some hospitals operate dedicated results helplines where patients can call to check on outstanding results, and you should ask the clinic whether this service is available.",results
How should I prepare for a specialist consultation?,"Write down your symptoms and when they started, note any medications you take, and bring any recent test results or letters from other doctors.",consultation
What is a clinical supervisor and are they involved in my care?,"A clinical supervisor oversees the training of junior doctors and ensures their work meets required standards, providing an additional layer of quality assurance in your care.",doctor_info
How do I find out which doctor I will be seeing before my appointment?,The appointment confirmation letter or the outpatient reception can confirm which doctor has been assigned to your appointment.,booking
What is a multidisciplinary team meeting and how does it affect my results?,"A multidisciplinary team meeting involves specialists reviewing complex cases together, and outcomes and recommendations from these meetings will be communicated to you.",results
Do I always need a follow-up appointment after a consultation?,"Not all consultations require a follow-up, but the doctor will recommend one if monitoring is needed or if the clinical situation warrants review.",results
Can I book an appointment without being registered at the hospital?,New patients are usually required to complete registration before an appointment can be formally booked in the hospital system.,booking
Can I bring food or drink to consume in the waiting area?,Light refreshments may be permitted in waiting areas but clinical policies vary and the reception team can confirm local rules.,practicalities
What if I forget my appointment and only remember after the time has passed?,"Contact the booking team as soon as possible to explain and request a new appointment, as some departments will rebook on first occurrence.",cancellation
Can my GP attend my specialist consultation?,GPs do not usually attend hospital consultations but may send a detailed referral letter and the specialist will communicate findings back to the GP.,consultation
Is there a toilet with disabled access close to the outpatient department?,Accessible toilets are required throughout all hospital outpatient areas and reception staff can direct you to the nearest one.,practicalities
Can I find out how many times a surgeon has performed a specific procedure?,Surgeons are increasingly required to publish procedural outcome data and the hospital patient safety team or your consultant can provide information on this.,doctor_info
How do I transfer my outpatient care to a different hospital entirely?,"Contact your GP who can arrange a new referral to the preferred hospital, and the current hospital will forward relevant records with your consent.",booking
Can I book an appointment directly after being seen in A&E?,Emergency department staff can arrange a follow-up outpatient appointment before you leave if one has been recommended during your A&E visit.,booking
Can I attend an appointment at a different hospital site if it is more convenient?,"You may request to be seen at an alternative site within the same hospital network, subject to the availability of the relevant service at that location.",practicalities
Can I request a specific side of the examination couch or chair for comfort reasons?,Practical comfort requests can be mentioned to the clinic nurse on arrival and staff will accommodate them where clinically possible.,practicalities
How is a cancellation handled if I am receiving ongoing treatment that should not be interrupted?,The clinical team will be alerted and a replacement appointment will be prioritised to ensure continuity of treatment.,cancellation
What should I do if I am worried about my results before the appointment?,Contact the clinic and explain your concerns and a nurse or doctor may be able to provide reassurance or bring the appointment forward.,results
How long does a standard outpatient consultation last?,A standard outpatient consultation typically lasts between fifteen and thirty minutes depending on the complexity of the patient's condition.,consultation
How does the hospital communicate the outcome of a referral back to my GP?,"Following the consultation, the hospital sends a clinic letter to the GP summarising the findings, diagnosis, and any planned treatment or further referrals.",referral
What happens to the consultation letter after my appointment?,"A consultation letter is sent to your GP summarising the findings and any planned treatment, and a copy can be provided to you on request.",consultation
Can my referral be upgraded to urgent after it has already been submitted?,"Yes, if the clinical situation changes the GP or treating doctor can contact the hospital to request upgrading of the referral to urgent status.",referral
What happens if I need emergency care while in the outpatient waiting area?,"Clinical staff are trained in emergency response and will provide immediate care, and if needed will escalate to the emergency team.",practicalities
What facilities are available in the outpatient waiting area?,"Most outpatient areas provide seating, toilets, and drinking water, and many also have a cafÃ©, vending machines, or information points nearby.",practicalities
Can I book a doctor's appointment online?,"Many hospitals offer an online booking system through their patient portal where you can select a doctor, date, and time for your appointment.",booking
Can I ask a doctor to explain their decision-making process during my care?,Patients may ask their doctor to walk them through the clinical reasoning behind a diagnosis or treatment decision and the doctor should do so clearly.,doctor_info
What should I do with my belongings during the appointment?,"Keep personal belongings with you at all times, as waiting areas may not have secure storage and the hospital cannot be responsible for unattended items.",practicalities
Can I refer myself directly to a hospital specialist?,"Some services accept self-referrals without a GP letter, such as sexual health, physiotherapy, or certain mental health services, and the hospital website will confirm which ones.",referral
What is the hospital's policy if I arrive after the appointment slot has passed?,"If the appointment slot has passed, the department may be unable to accommodate you that day and staff will advise on rescheduling.",cancellation
How does the hospital allocate appointment slots fairly?,"Slots are typically allocated on a first-come first-served basis for routine appointments, with clinical urgency taking priority when required.",booking
What if I am unsure whether my appointment is still needed?,Speak to your GP or the referring doctor who can advise whether the appointment remains clinically relevant before you decide to cancel.,cancellation
What is a patient-initiated follow-up and how does it work?,A patient-initiated follow-up allows patients to contact the department directly to book a review when they feel it is needed rather than receiving a scheduled appointment.,results
How does the hospital manage referrals received from multiple sources for the same patient?,Duplicate referrals are identified during triage and merged or resolved by administrative staff to ensure the patient is seen appropriately without duplication.,referral
Can I cancel an appointment on behalf of a patient I care for?,A carer or authorised representative may cancel on behalf of a patient by contacting the booking team and providing the patient's details.,cancellation
What happens after a referral is triaged as not meeting the department criteria?,The GP is notified and provided with the reasons for rejection along with suggested alternative management or referral pathways.,referral
How do I provide feedback about my outpatient appointment experience?,"Patient feedback can be submitted through the hospital's online survey, a paper form at the clinic, or through the patient relations office.",practicalities
How do I book a second opinion consultation?,"Contact the outpatient booking team and explain that you are seeking a second opinion, and staff will advise on the available doctors and process.",booking
How does the hospital monitor doctor performance?,"Doctor performance is monitored through regular appraisals, patient feedback, outcome data, peer review, and compliance with clinical governance requirements.",doctor_info
What happens at a follow-up appointment after surgery?,"A post-operative follow-up reviews wound healing, surgical outcomes, and the patient's recovery, and is usually scheduled a few weeks after the procedure.",results
Is parking available at the hospital for outpatient appointments?,Hospital car parks are usually available and some hospitals offer reduced parking rates for patients attending outpatient appointments with a valid appointment letter.,practicalities
What is a doctor's appraisal and how does it protect patients?,"An annual appraisal reviews the doctor's performance, development needs, and patient feedback, ensuring ongoing competence and identifying any areas for improvement.",doctor_info
What happens to my referral if my GP practice closes or changes?,Your new GP can access your referral history and either renew an existing referral or liaise with the hospital to ensure continuity of care.,referral
What information do I need to provide when booking an appointment?,"You will typically need to provide the patient's full name, date of birth, patient ID, contact number, and the reason for the appointment.",booking
Can I bring my own medication to take during a long wait?,You may take your own medication during a wait and it is advisable to inform the clinical staff of what you are taking before your consultation.,practicalities
How do I know if my consultation will be with a consultant or a junior doctor?,"The appointment letter usually indicates the grade of the clinician, and reception staff can confirm this before the appointment if needed.",consultation
Can I request copies of my test results for my personal records?,"Yes, copies of test results can be requested from the hospital records department along with your other medical documentation.",results
What is a normal range and why does it matter when interpreting results?,A normal range defines the values found in a healthy population and results outside this range indicate the need for further clinical assessment.,results
Can I book an appointment on behalf of an elderly parent who cannot use a phone?,A family member or carer may book on behalf of an elderly patient by providing the necessary patient details and confirming consent.,booking
Can I discuss mental health concerns during a general outpatient consultation?,You can raise mental health concerns with your doctor who will either address them directly or refer you to an appropriate mental health service.,consultation
Can I check if a doctor has had any disciplinary action?,The General Medical Council maintains a public register where patients can check a doctor's registration status and any restrictions on their practice.,doctor_info
What is a DNA rate and how does it affect the hospital?,"DNA stands for did not attend and a high DNA rate reduces clinic efficiency and delays care for other patients, which is why timely cancellations are important.",cancellation
Can I choose which hospital I am referred to?,In many healthcare systems patients have the right to choose their provider and can discuss options with their GP at the point of referral.,referral
What is a GP with a special interest and when would I be referred to one?,A GP with a special interest has additional training in a specific area such as dermatology or musculoskeletal medicine and can manage conditions that would otherwise require a hospital specialist.,referral
Can I suspend all upcoming appointments temporarily due to personal circumstances?,Speak to the department or your clinical team who can defer appointments for a defined period if there are valid personal or medical reasons.,cancellation
Can I ask the doctor to communicate directly with my carer after the consultation?,With your consent the doctor can speak to your carer or provide them with a written summary of the consultation outcomes and care plan.,consultation
What if I cannot attend my results appointment?,"Contact the clinic to rearrange and explain why you cannot attend, as the clinical team may be able to provide results by another method if appropriate.",results
How are scan or imaging results explained to patients?,A radiologist produces a written report which the referring doctor interprets and explains to the patient during a follow-up consultation.,results
What is a hospital privilege and how does it affect which doctor can treat me?,Hospital privileges define which procedures a doctor is authorised to perform at a specific hospital based on their credentials and experience.,doctor_info
What should I wear to my appointment?,"Wear comfortable clothing that allows easy access to the area being examined, and remove nail polish if a physical assessment of circulation may be needed.",practicalities
Can I see the referral letter my GP sent before my consultation?,You are entitled to a copy of your referral letter and can request it from your GP surgery or the hospital records department before your appointment.,consultation
What should I do if no appointments are available when I call?,Ask to be placed on a cancellation list so you can be offered any slots that become available at short notice.,booking
Can I ask the doctor for their opinion on alternative treatments?,Patients may raise alternative treatment options and the doctor will discuss them in the context of the available evidence and clinical appropriateness.,doctor_info
What does a doctor's GMC registration mean for patients?,GMC registration confirms that the doctor is licensed to practise medicine in the UK and meets the professional standards required for safe patient care.,doctor_info
Can I be referred to a specific clinic within a department such as a lipid clinic?,Subspecialty clinic referrals are arranged by the treating doctor or GP and depend on whether the patient meets the clinical criteria for that service.,referral
Can I request an appointment reminder call rather than a letter or text?,Communication preferences including reminder calls can be noted in your patient record and you should inform the reception team of your preference.,practicalities
Can I ask for a written summary of what was discussed during my consultation?,A written summary or consultation letter can be requested and is routinely produced to inform the GP and other treating clinicians.,consultation
Is there a waiting period before I can rebook after a cancellation?,"There is usually no mandatory waiting period, though availability will depend on the current appointment schedule for the relevant clinic.",cancellation
Do I need to fast before my appointment?,Fasting requirements depend on the type of examination or procedure and the clinic will specify any dietary instructions in the appointment letter.,practicalities
What is a pre-consultation questionnaire and why might I receive one?,"Some clinics send a questionnaire before your appointment to gather information about symptoms and history, helping the doctor prepare and use consultation time efficiently.",consultation
What happens to my appointment if the doctor is unexpectedly unavailable?,The hospital will contact you to reschedule and will aim to offer an alternative date with the same or an equivalent doctor.,booking
Will the hospital rebook automatically if my appointment is cancelled by them?,"Yes, the hospital is responsible for offering a replacement appointment promptly when it initiates a cancellation.",cancellation
Can a carer book an appointment on behalf of a patient with dementia?,A legal carer or person with power of attorney may book and manage appointments on behalf of a patient who lacks capacity to do so independently.,booking
What happens after the hospital receives my referral?,The referral is triaged by clinical staff who determine urgency and allocate the patient to the appropriate department and waiting list.,referral
Can I cancel a referral if I decide I do not want to proceed?,Patients can request cancellation of a referral at any time by contacting either the GP surgery or the hospital booking team.,referral
Can I find out about a doctor's qualifications before my appointment?,Consultant profiles including qualifications and areas of expertise are usually published on the hospital website.,doctor_info
Can I request a specific date when rescheduling?,You may state a preferred date or time range when rescheduling and the booking team will try to accommodate this subject to availability.,cancellation
How do referrals work for patients with rare or complex conditions?,Complex referrals may be sent to specialist centres with expertise in rare conditions and the GP will liaise with the hospital to identify the most appropriate service.,referral
What is a two-week wait referral?,"A two-week wait referral is an urgent pathway used when a GP has concerns about possible cancer, requiring the hospital to offer an appointment within fourteen days.",referral
How does the hospital fill cancelled appointment slots quickly?,"Staff contact patients on the cancellation waiting list to offer freed slots, and automated systems may send text notifications to eligible patients.",cancellation
Can I opt out of receiving certain types of results directly?,"Patients may state their preferences regarding how and whether results are communicated to them directly, and this will be noted in the clinical record.",results
How do I cancel a series of repeat appointments all at once?,Contact the scheduling team and they can cancel the entire series and advise on how to rebook when you are ready to resume.,cancellation
How does the hospital ensure doctors from overseas meet UK clinical standards?,"International medical graduates must obtain GMC registration, which requires passing specified examinations and demonstrating English language proficiency and clinical competence.",doctor_info
Can I request a referral to a hospital abroad for specialist treatment?,International referrals involve additional processes and funding approval and should be discussed with your GP and the relevant healthcare authority.,referral
Can I ask my GP to change the referral to a different hospital?,"Yes, you may request an alternative hospital and your GP can send the referral to a different provider if you have a preference.",referral
What is a patient safety alert and how does it relate to doctor conduct?,"A patient safety alert is issued when a risk to patient care is identified, and doctors are required to review and act on these alerts to maintain safe practice.",doctor_info
Is there a hospital café near the outpatient department?,Café is located near outpatient areas and reception staff can direct you to the nearest one.,practicalities
How does the hospital handle results that require lifestyle changes from the patient?,"The clinical team will discuss the results and provide advice on lifestyle changes, and may refer the patient to specialist support services such as dietetics or smoking cessation.",results
Can I ask the hospital to send my results to a complementary or alternative health practitioner?,The hospital can send results to any registered healthcare professional with the patient's written consent.,results
Is a referral letter required to book a specialist appointment?,Most specialist appointments require a referral from a general practitioner or another doctor before they can be booked.,booking
How does the hospital ensure I am seen by the most appropriate doctor for my condition?,Referrals and booking requests are reviewed by clinical staff who match the patient's needs to the appropriate specialist or department.,booking
Can I request to see a doctor who has treated a family member successfully?,"You may request a named doctor and the booking team will try to arrange this, though the doctor's availability cannot always be guaranteed.",doctor_info
What does it mean when a doctor is described as dual accredited?,"A dual-accredited doctor holds specialist training in two related disciplines, allowing them to manage a broader range of conditions within their combined expertise.",doctor_info
How long should I plan to be at the hospital for an outpatient appointment?,"Plan for approximately one to two hours including waiting time, the consultation itself, and any follow-up administration such as booking further appointments.",practicalities
Can I book an appointment if my insurance has not yet been authorised?,"Some hospitals allow provisional bookings while authorisation is pending, but this should be clarified with the billing and booking teams in advance.",booking
Can I request a doctor who specialises in treating older patients?,Many hospitals have a geriatric medicine team and you can request a referral to this specialty through your GP.,doctor_info
What should I do if I notice a safety hazard in the outpatient waiting area?,Report any safety concern to reception staff or any visible hospital staff member immediately so it can be addressed promptly.,practicalities
What should I do if I booked the wrong type of appointment?,Contact the booking team as soon as possible to correct the appointment type so that the right clinical resource is allocated for your visit.,booking
Can a community nurse or midwife make a hospital referral?,Community healthcare professionals including nurses and midwives may make referrals within their scope of practice and local referral protocols.,referral
Is there a dedicated booking line for specific departments such as cardiology?,Many large departments have dedicated booking lines and the contact number is usually listed on the hospital website or appointment letter.,booking
Can I attend my consultation without a referral if I am a returning patient?,"Returning patients who have previously been seen in the department may be able to self-refer for a follow-up, depending on the department's policy.",consultation
Can I attend my appointment if I have an infectious illness?,"If you have symptoms of an infectious illness, contact the clinic before attending so they can advise whether to postpone and take appropriate precautions if you must attend.",practicalities
What happens if I have been waiting much longer than expected?,"Speak to the reception desk who can check your status, explain any delay, and confirm when you are likely to be called.",practicalities
Can I book an appointment if I am visiting from abroad?,"International patients may book appointments though additional requirements such as insurance verification or prepayment may apply, and the international office can assist.",booking
Can I bring someone to my results appointment?,Patients are welcome to bring a support person to a results appointment particularly when significant news may be discussed.,results
Will the doctor prescribe medication during my first consultation?,"A prescription may be issued during the first consultation if a clear diagnosis is made, though in some cases further tests are needed first.",consultation
What does it mean if my appointment is with a specialist nurse rather than a doctor?,Specialist nurses are advanced practitioners with expertise in specific conditions and are authorised to manage defined aspects of patient care independently.,doctor_info
Can I be referred on the same day as my GP appointment?,GPs can issue same-day urgent referrals and may also submit routine electronic referrals immediately after the consultation.,referral
Can I find out who the lead consultant is for my condition in this hospital?,The relevant clinical department can advise on who leads the specialist team responsible for your condition.,doctor_info
Is it permitted to have a support person accompany me during my outpatient visit?,"Most clinics allow one accompanying person for support, though in some cases such as during intimate examinations staff may ask them to wait outside temporarily.",consultation
Can I find out whether my doctor has won any clinical awards or recognition?,Awards and recognition are often listed in the doctor's professional profile on the hospital website or can be shared by the department if requested.,doctor_info
What should I do if I cannot find a suitable parking space and I am at risk of being late?,"Call the clinic to let them know you are on your way and experiencing a delay, as they can note this and try to fit you in when you arrive.",practicalities
What if I am on a waiting list and receive a referral to a different department for the same condition?,"Inform both departments so they can coordinate and avoid duplication, and the clinical teams will determine the most appropriate pathway for your care.",referral
What should I do if I have difficulty using the online booking system?,Contact the outpatient reception by telephone and staff will book the appointment manually and help resolve any technical issues.,booking
How are paediatric test results communicated to parents?,"Results for children are shared with the parent or legal guardian and, depending on the child's age and understanding, may also be explained directly to the child.",results
What if I forget to mention something important during the consultation?,Contact the clinic by phone or message after the appointment and staff will pass the information to the doctor or arrange a follow-up if needed.,consultation
Can I book an appointment during a public holiday?,"Most elective appointments are not scheduled on public holidays, though emergency services remain available and urgent cases will be managed accordingly.",booking
Can I request to be seen by a consultant rather than a junior doctor?,"Patients may express a preference and the booking team will try to accommodate this, though clinical rotas may not always allow it.",doctor_info
Can I cancel an appointment outside of office hours?,Some hospitals have an out-of-hours answering service or an online portal where cancellations can be submitted at any time.,cancellation
Can I request a specific type of examination or test during my consultation?,"Patients may raise concerns and suggest tests, but the doctor will determine what investigations are clinically indicated based on the assessment.",consultation
What should I do if my appointment reminder contains the wrong information?,Contact the booking team immediately to correct the details and confirm the actual appointment time and location before attending.,practicalities
Can I request that my doctor does not involve trainees in my care?,"Patients may decline involvement of trainees in their care and this preference will be respected, though it may affect appointment availability.",doctor_info
How are electronic and paper referrals handled differently?,Electronic referrals are processed more quickly and tracked in real time while paper referrals are manually entered into the system by administrative staff.,referral
Will I be charged if I cancel an appointment at short notice?,Most hospitals do not charge for cancellations but repeated late cancellations may result in a review of your booking privileges.,cancellation
What support is available for patients who frequently struggle to attend appointments?,"Social workers, patient navigators, or transport services may be arranged to help patients who face recurring barriers to attendance.",cancellation
How does a telephone consultation differ from an in-person one?,"A telephone consultation allows clinical discussion and advice without a physical examination, making it suitable for follow-ups or straightforward concerns.",consultation
Is there a play worker or distraction service available for children attending appointments?,Many paediatric clinics have play specialists or distraction materials to help children feel at ease and the department can confirm what is available.,practicalities
What is the cancellation cut-off time for same-week appointments?,Most departments ask for cancellations by close of business the day before at the latest so the slot can be reallocated within the working week.,cancellation
How will I be notified if the hospital needs to cancel my appointment?,"The hospital will contact you by phone, letter, or SMS depending on your communication preferences as early as possible before the appointment date.",cancellation
Can I book an appointment for someone else such as a family member?,"You may book on behalf of a family member by providing their patient details, though the patient's consent is usually required.",booking
Is there a coat or luggage storage near the outpatient department?,Most outpatient departments do not have formal storage facilities and patients are advised to bring only what is necessary for the appointment.,practicalities
What if I do not have my appointment letter with me on the day?,"Reception staff can locate your appointment using your name and date of birth, so the appointment can still proceed without the physical letter.",practicalities
"What if my appointment letter contains the wrong date, time, or location?","Contact the booking team immediately to confirm the correct details and if you arrive at the wrong location, the main reception will direct you appropriately.",practicalities
Can I bring a printed copy of my medical history to share with the doctor?,"Bringing a written summary of your medical history, current medications, and previous investigations is helpful and can make the consultation more efficient.",practicalities
What should I do if I have not received my results within the expected timeframe?,Contact the clinic or the relevant laboratory department with your appointment reference to follow up on outstanding results.,results
Is there a changing facility for patients who need to change before an examination?,Most outpatient examination rooms have changing facilities and patients are given appropriate gowns or coverings as needed for their assessment.,practicalities
What if I am running a fever on the day of my appointment?,"Contact the clinic before attending and they will advise whether to proceed, reschedule, or attend with precautions in place for your safety and that of other patients.",practicalities
Will the doctor contact me if my results are abnormal?,Clinicians are expected to contact patients promptly if results indicate a clinical concern that requires urgent review or treatment adjustment.,results
Should I take my usual medications on the day of my appointment?,"Continue taking usual medications unless the clinic has specifically advised you to stop them beforehand, and bring your medication list to the appointment.",practicalities
What is a multidisciplinary team consultation and when is it used?,A multidisciplinary team consultation brings together specialists from different fields to discuss complex cases and agree on a coordinated treatment plan.,consultation
Can I bring a support animal that is not a registered assistance dog?,"Only registered assistance animals are permitted in clinical areas, and emotional support animals without registered assistance status may not be allowed.",practicalities
How do I know if my doctor is involved in a clinical trial that might affect my treatment?,You may ask the doctor directly whether any clinical research is relevant to your case and whether participation in a trial is being considered.,doctor_info
Can I choose which doctor I see for my appointment?,"Patients can often request a preferred doctor, though availability cannot always be guaranteed and an alternative may be offered.",booking
What if I receive different advice from two different doctors?,Raise this discrepancy with the clinical team or your GP who can help clarify which recommendation is most appropriate for your specific situation.,consultation
What is the difference between a new patient appointment and a follow-up?,A new patient appointment is for patients seeing a particular doctor or department for the first time while a follow-up is a scheduled review after previous treatment.,booking
Can I ask for a second set of tests if I doubt the accuracy of my results?,Patients may request a repeat test and the doctor will consider whether this is clinically appropriate and arrange it if justified.,results
How do I book an appointment with a female or male doctor specifically?,"You may state a gender preference when booking and staff will accommodate this where possible, though it cannot always be guaranteed.",booking
How do I pay for a private outpatient appointment on the day?,"Private appointment payments can be made at the billing desk or through the hospital's payment system, and accepted methods can be confirmed with the department.",practicalities
Can I speed up a referral if I am willing to travel to another hospital?,"Being flexible about location can sometimes allow access to shorter waiting lists at nearby hospitals, and this should be discussed with your GP.",referral
Can a referral be made for a second opinion on an existing diagnosis?,GPs can issue a referral specifically for a second opinion and the patient can also request this directly during a hospital consultation.,referral
How early should I arrive for my appointment?,Arriving ten to fifteen minutes before your scheduled time allows for check-in and any paperwork that may need to be completed before you are seen.,practicalities
Can results be sent directly to my email?,"Some hospitals allow results or clinic letters to be sent electronically, and this option can be confirmed with the clinic or patient portal team.",results
What is revalidation and how does it affect trust in my doctor?,"Revalidation is a process through which doctors regularly demonstrate to the GMC that they are fit to practise, supporting patient confidence in clinical standards.",doctor_info
How are results from a private test shared with my NHS treating team?,"Patients can bring private test results to their NHS appointment and the treating doctor can review them, though they may not be automatically added to the NHS record.",results
Can a nurse practitioner issue a referral?,"In many healthcare settings advanced nurse practitioners are authorised to issue referrals for appropriate services, depending on local policy.",referral
Can I request to be seated away from other patients in the waiting area?,"Reception staff can try to seat you at a distance from others if you have a clinical, comfort, or anxiety-related reason for the request.",practicalities
Can I request a referral to a specific consultant?,"You can request a named consultant when asking your GP for a referral, though the hospital may allocate an equivalent specialist if the preferred one is unavailable.",referral
Can I book appointments for multiple concerns in a single visit?,"It is best to mention all concerns when booking so the doctor can allocate appropriate time, as standard appointments have a set duration.",booking
Can I see the raw data from my tests such as actual values and reference ranges?,Raw laboratory values and reference ranges are included in the results report and can be provided to the patient upon request.,results
What should I do if I receive conflicting information about my results from different clinicians?,Request a meeting with the lead clinician responsible for your care who can clarify the findings and ensure a consistent treatment approach.,results
Can I specify accessibility requirements such as wheelchair access when booking?,"Yes, accessibility needs should be stated at the time of booking so that the appropriate facilities and support can be arranged.",booking
How does the hospital ensure patient privacy during outpatient consultations?,Consultations are conducted in private rooms and staff are trained to maintain confidentiality and prevent unauthorised access to clinical areas.,consultation
How far in advance does the hospital typically cancel appointments it cannot honour?,"Hospitals aim to give as much notice as possible, ideally several weeks, though last-minute cancellations can occur due to unexpected clinical emergencies.",cancellation
What language support is available during my consultation?,Interpreter services can be arranged in advance and some departments have bilingual staff available for patients who need language assistance.,consultation
What should I do if I cannot read the appointment forms provided?,Ask reception staff for assistance and they can read and explain the forms to you or arrange for an appropriate support person to help.,practicalities
What if my condition changes significantly after a referral is made?,Inform your GP who can update the referral or contact the hospital to flag the change in clinical status so that urgency can be reassessed.,referral
Can I request that my appointment be scheduled to allow enough time for me to use public transport?,Appointment time preferences including transport needs can be noted when booking and the scheduling team will try to accommodate them.,practicalities
Where do I go when I arrive for my outpatient appointment?,Go to the outpatient reception desk for the relevant department and check in by giving your name and appointment details to the staff.,practicalities
Can I wait in the car and be called when the doctor is ready?,"Some departments can call or text you when it is your turn, allowing you to wait in your vehicle, and you should ask reception whether this option is available.",practicalities
What happens if the doctor needs more time than the slot allows?,"The doctor may schedule a follow-up appointment to complete the assessment or, for urgent matters, may extend the consultation and adjust the clinic accordingly.",consultation
Can I request that results not be discussed in front of family members?,"Yes, patients may specify that results and clinical discussions remain private, and staff are required to respect this preference.",results
What is an inter-hospital referral and how is it arranged?,An inter-hospital referral transfers care from one hospital to another and is arranged by the treating doctor in coordination with the receiving hospital's team.,referral
Is there a locker or secure storage for coats and bags in the outpatient department?,Secure storage is not typically available in outpatient departments and patients are advised to bring only essential items to their appointment.,practicalities
How do I book a joint appointment for two related conditions at the same clinic?,Request a double appointment slot when booking and explain the two concerns so the scheduler can allocate sufficient consultation time.,booking
Can I request a written summary of the waiting time when I check in?,Reception staff can give an estimated waiting time when you check in and will update you if there are significant changes to the schedule.,practicalities
What happens if the doctor identifies an urgent problem during a routine consultation?,"If an urgent clinical concern is identified, the doctor will take immediate action which may include arranging urgent tests, admission, or emergency referral.",consultation
Can I eat and drink before a blood test at the hospital?,Some blood tests require fasting for a specified period beforehand and the appointment letter or clinic staff will confirm the requirements in advance.,practicalities
Can results be sent to a family member if I give consent?,Results can be shared with a nominated person if the patient provides written consent specifying who may receive the information and in what format.,results
Can I use my mobile phone in the outpatient clinic?,Mobile phones are generally permitted in waiting areas but should be set to silent and used considerately out of respect for other patients.,practicalities
Can I have a video consultation if I cannot travel to the hospital?,Video consultations are available for appropriate cases and can be arranged by the booking team for patients who have difficulty attending in person.,consultation
Can I bring a book or device to entertain myself while waiting?,Patients are welcome to read or use personal devices in the waiting area provided it does not disturb others and the device is used respectfully.,practicalities
Will the doctor have access to my previous medical records during the consultation?,"The doctor can access your hospital records and any information shared by referring clinicians, though records from other providers may need to be requested separately.",consultation
What is the process for arranging the first hospital check for a newborn?,A parent or guardian should contact the paediatric or neonatal department directly to arrange the first post-birth review for the baby.,booking
Can the hospital cancel appointments due to a strike or industrial action?,Appointments may be postponed during industrial action and the hospital will prioritise urgent cases and contact affected patients with new arrangements.,cancellation
Can I request a home visit instead of attending the hospital outpatient clinic?,Home visits are generally reserved for patients who are clinically unable to attend in person and must be arranged in advance with the clinical team.,practicalities
How do I find the correct entrance for the outpatient department?,"Outpatient departments are usually signposted from the main hospital entrance and car park, and directions can be confirmed at the main reception.",practicalities
What if I need regular medication and the appointment is during my usual dosing time?,"Bring your medication with you and take it as prescribed, informing the clinical staff of the time so they can account for this during the consultation.",practicalities
How do I book an appointment at a specific clinic such as a diabetes clinic?,"Contact the relevant specialist clinic directly or ask your GP to refer you, after which the clinic will contact you to arrange a date.",booking
Can a specialist at the hospital refer me back to my GP for ongoing management?,"Yes, when specialist input is no longer needed the hospital doctor can discharge you back to GP care with a detailed clinical letter.",referral
How long are test results kept on file in the hospital?,Test results are retained as part of the patient's medical record for the standard retention period specified by the hospital's records management policy.,results
What is an internal waiting list referral?,"An internal waiting list referral places a patient on a list within the hospital for a specific service, usually arranged by the treating doctor during a consultation.",referral
What is a nurse-led consultation and how does it differ from a doctor consultation?,"A nurse-led consultation is conducted by a specialist nurse who manages specific conditions or follow-up care, and these are common in areas such as diabetes, asthma, and wound care.",consultation
What if I am hospitalised and cannot attend my outpatient appointment?,Inform the outpatient department as soon as possible and provide details of your admission so they can defer and rebook the appointment accordingly.,cancellation
What is the difference between a specialist and a subspecialist?,A specialist covers a broad clinical area such as general surgery while a subspecialist focuses on a specific area within that specialty such as hepatobiliary surgery.,doctor_info
Can I ask how long a doctor has been practising in their specialty?,Years of experience is a reasonable question and the doctor or department can usually provide this information.,doctor_info
Can I request that students are not present during my consultation?,Patients have the right to decline the presence of medical students during their consultation and this preference will be respected.,consultation
What is an open appointment and how does it work?,An open appointment gives the patient flexibility to contact the department and book a slot within a defined window rather than being given a fixed date immediately.,booking
How do I book an appointment with a doctor at this hospital?,"Appointments can be booked by calling the outpatient reception desk, visiting the hospital in person, or using the online appointment portal if available.",booking
Can I request a doctor who has specific expertise in rare diseases?,"Rare disease specialists may be available within the hospital or through regional specialist centres, and your GP or treating consultant can advise on referral.",doctor_info
What if my results indicate I need emergency treatment?,"If results indicate an immediate risk, the clinical team will contact you urgently and arrange emergency care without waiting for a scheduled appointment.",results
What is a portfolio career in medicine and how might it affect my appointment?,"A doctor with a portfolio career divides time between clinical work, teaching, and research, which may affect their clinic availability but does not diminish their clinical expertise.",doctor_info
Can a doctor refuse to treat me?,A doctor may decline to treat a patient in non-emergency situations for valid clinical or ethical reasons but must ensure the patient is referred to an appropriate alternative.,doctor_info
Can I ask what professional memberships my doctor holds?,Doctors may hold memberships of royal colleges or specialist societies and this information is often listed in their published professional profile.,doctor_info
Can I ask what the doctor's handover process is if they go on leave?,You may ask who will cover your care during the doctor's absence and the department should ensure a named clinician is responsible for your ongoing management.,doctor_info
Can I request an appointment that does not require me to take time off work?,"Early morning, late afternoon, or weekend clinic availability varies by department and you can ask the booking team about extended hours options.",booking
How do I cancel an appointment made through a third-party referral service?,"Contact either the referral service or the hospital booking team directly, as both parties need to be informed to avoid a missed appointment record.",cancellation
How often do doctors in the hospital update their clinical training?,Doctors are required to undertake continuing professional development and revalidation to maintain their GMC licence and demonstrate up-to-date practice.,doctor_info
Can I be referred urgently if my condition is serious?,Urgent referrals are prioritised and the hospital aims to offer an appointment within a short defined period for patients flagged as needing urgent assessment.,referral
Can a hospital doctor refer me to another department internally?,"Yes, internal referrals between departments are common and can be arranged directly by the treating doctor within the hospital system.",referral
What happens during a first outpatient consultation?,"The doctor reviews your referral, takes a clinical history, examines you where relevant, and discusses a diagnosis or further investigation plan.",consultation
Can I claim travel expenses for attending my appointment?,Patients on certain benefits or with qualifying low incomes may be eligible to claim travel expenses and should ask at reception about the healthcare travel costs scheme.,practicalities
What if I disagree with the interpretation of my results?,You may request a second opinion from another clinician or ask the original doctor to explain the basis for their interpretation in more detail.,results
Can I bring printed information about my condition to discuss with the doctor?,"Bringing relevant information is welcomed as it facilitates an informed discussion, though the doctor will make clinical decisions based on their assessment.",consultation
How do I book an appointment if I was recently referred by a specialist at another hospital?,Provide the referral letter from the external specialist to the booking team and they will arrange an appropriate appointment within the relevant department.,booking
What if I cancel due to a transport problem?,Transport difficulties are an understandable reason for cancellation and patient transport services may be available if this is a recurring issue.,cancellation
Can I request a doctor who has treated patients from my cultural background?,You may state cultural preferences when booking and the department will try to accommodate this where possible.,doctor_info
What is a medical director and how does their role affect patient care?,"The medical director is a senior doctor responsible for clinical governance and strategy across the hospital, ensuring that care standards are maintained.",doctor_info
What is an honorary consultant and how does this differ from a substantive post?,"An honorary consultant holds an academic or research role linked to the hospital but may also see patients, while a substantive consultant is employed directly by the hospital.",doctor_info
Can I attend my appointment via a proxy if I authorise someone else to represent me?,Proxy attendance is not typically permitted for clinical consultations as the doctor needs to assess the patient directly unless specific remote arrangements have been agreed.,practicalities
Can I bring a list of questions to ask the doctor?,Bringing a written list of questions is encouraged as it helps ensure important concerns are covered within the consultation time.,consultation
Can I read published research by my doctor before meeting them?,Many consultants publish research and their profiles on the hospital or university website may include links to academic papers and publications.,doctor_info
What is a clinical lead and what role do they play in my care?,A clinical lead is a senior doctor responsible for overseeing the quality and organisation of a department's clinical services and patient care standards.,doctor_info
How does the hospital track non-attendance?,Non-attendance is recorded in the patient record and reviewed by the department to identify patterns and manage the appointment schedule effectively.,cancellation
How will I receive the results of tests ordered by my doctor?,"Results are usually communicated through a follow-up appointment, a letter, or a call from the clinical team depending on the nature of the tests.",results
Can I request that lights in the consultation room are dimmed if I have a migraine?,Reasonable environmental adjustments during a consultation including lighting can be requested and staff will accommodate them where possible.,practicalities
What is a brief intervention appointment?,A brief intervention is a short structured consultation designed to assess a specific risk such as alcohol use or smoking and provide targeted advice.,consultation
What happens if my appointment clashes with another commitment?,"Contact the booking team as soon as possible to rearrange, as rescheduling with adequate notice allows the slot to be offered to another patient.",booking
What should I bring to my doctor's appointment?,"Bring a valid photo ID, your patient ID card, a list of current medications, any relevant test results, and your appointment letter.",consultation
Does the hospital send reminders to help me remember my appointment?,"Most hospitals send reminder messages by SMS, phone, or letter a few days before the appointment to reduce missed attendance.",cancellation
How do I find out whether my appointment has been successfully cancelled?,"Ask for a cancellation reference or confirmation number when cancelling by phone, or check your patient portal for a confirmation message.",cancellation
How do I find out whether a particular test has been requested for me?,"Ask the clinic reception or check your patient portal, as all requested tests should be documented in your patient record.",results
What happens if I need an interpreter but one was not arranged in advance?,Inform reception staff on arrival and they will try to arrange telephone interpreting as an immediate solution while a formal booking is made.,consultation
What should I do if I receive an appointment letter for a date I cannot attend?,Contact the booking team immediately after receiving the letter to request a change before the original date approaches.,cancellation
What happens if I do not collect a printed copy of my results from the hospital?,Uncollected results remain on file and can be obtained at any time by contacting the records department or through the patient portal.,results
Is there signage in large print or Braille in the outpatient department?,"Hospitals are required to provide accessible information formats and large print or Braille signage may be available, with staff able to assist patients with visual impairments.",practicalities
What happens if the outpatient department is understaffed on the day of my appointment?,"In the event of staff shortages, the department will prioritise urgent cases and communicate expected delays to patients in the waiting area.",practicalities
How does the hospital manage a sudden influx of cancellations?,The scheduling team uses a cancellation list to fill freed slots quickly by contacting patients who have requested earlier appointments.,cancellation
What is a clinical audit and could it involve my patient data?,"A clinical audit reviews patient outcomes against quality standards to identify improvements, and patient data may be used anonymously unless you have opted out.",doctor_info
How do I raise concerns about a doctor's behaviour or clinical decisions?,"Concerns should be raised with the department manager or patient relations office, and serious concerns can be reported to the hospital's clinical governance team or the GMC.",doctor_info
What is a partial booking referral?,"A partial booking referral places the patient on the system without an immediate appointment date, and the patient is contacted later when a slot becomes available.",referral
Can a referral be rejected by the hospital?,"A referral may be returned if it does not meet the department's criteria, in which case the GP will be informed and advised on alternative pathways.",referral
What is the role of a referral management centre?,A referral management centre reviews incoming referrals to ensure they are directed to the most appropriate service and meet the clinical criteria for the requested specialty.,referral
What is a clinical hold on results and why might one be placed?,"A clinical hold means results are being reviewed before release, typically because they require interpretation by a specialist before being communicated to the patient.",results
What if the clinic is running very late when I arrive for my appointment?,"Reception staff can give an estimate of the delay and you may choose to wait or, in some departments, arrange to be called when the doctor is ready.",consultation
How do I find out which doctors are available in a particular specialty?,"The hospital website lists consultants and their specialties, and the outpatient reception can also advise on available doctors within a department.",doctor_info
How will I receive confirmation of my booked appointment?,"Appointment confirmations are usually sent by letter, SMS, or email depending on the contact preferences recorded in your patient profile.",booking
Does a referral expire if I do not attend my appointment?,Referrals may lapse after a defined period and repeated non-attendance may result in the referral being closed and requiring renewal from the GP.,referral
Can I book an appointment using a mobile app?,"Some hospitals have a dedicated mobile app connected to their booking system, and this option can be confirmed on the hospital's website.",booking
Is there a breastfeeding room available near the outpatient department?,Many hospitals provide a dedicated feeding room for parents and the reception team can direct you to the nearest suitable facility.,practicalities
Can I take notes during my consultation?,Patients are welcome to take notes and may also ask the doctor to summarise the main points in writing at the end of the appointment.,consultation
What is a surveillance follow-up appointment?,A surveillance appointment monitors a patient who has been treated for a condition such as cancer to detect any recurrence at the earliest possible stage.,results
How do I reschedule an appointment I can no longer attend?,"Contact the booking team by phone or through the online portal to request a new date, and staff will offer the next available slot.",cancellation
What is the cancellation policy for private appointments?,"Private appointment cancellation policies vary and may include a fee for late cancellations, so the relevant department should be consulted when booking.",cancellation
How confidential is the information I share during a consultation?,Information shared during a consultation is confidential and will only be shared with other clinicians involved in your care or as required by law.,consultation
Can I find out if my surgeon performs a procedure regularly or only occasionally?,Procedure volume data is increasingly available publicly and you may ask the surgeon or the department directly about their experience with your specific operation.,doctor_info
What if I need an examination but have cultural or religious concerns?,Inform the booking team or clinic staff in advance and reasonable adjustments will be made to respect your cultural or religious requirements.,consultation
How long is a referral valid for before it needs to be renewed?,Referral validity periods vary by hospital and department but most require renewal if the patient has not been seen within a defined timeframe.,referral
How far in advance can I book a doctor's appointment?,"Most outpatient appointments can be booked several weeks in advance, though availability depends on the doctor's schedule and the type of appointment needed.",booking
Can the doctor refer me to another specialist during my consultation?,"Yes, the doctor can issue a new referral to another specialist if your condition requires it and will explain the reason for the referral.",consultation
What is a clinical excellence award and what does it signify?,"A clinical excellence award is given to doctors who demonstrate exceptional contribution to patient care, research, or medical leadership beyond standard professional expectations.",doctor_info
What happens at a review consultation compared to a new referral appointment?,A review consultation assesses your response to treatment or monitors a known condition while a new referral appointment addresses a fresh clinical concern.,consultation
What happens to my position on the waiting list if I cancel?,"A cancellation may result in being returned to the waiting list, and the length of any additional wait will depend on current demand and availability.",cancellation
Can I cancel a video consultation in the same way as an in-person appointment?,"Video consultations can be cancelled through the same channels as in-person appointments, including the booking line and online portal.",cancellation
What is a locum doctor and does it affect the quality of my care?,"A locum is a temporary doctor covering a vacancy or leave period, and all locums are held to the same professional and clinical standards as permanent staff.",doctor_info
How many times can I reschedule an appointment before it is cancelled?,Hospitals generally allow a limited number of rescheduling requests and repeated changes may result in a review or removal from the waiting list.,cancellation
How does the hospital manage results for patients who have been discharged?,Outstanding results for discharged patients are reviewed by the clinical team and communicated by letter or through the GP if the patient is no longer attending.,results
Can I request that my results are reviewed by a more senior clinician?,Patients may request a senior review of their results and this can be arranged through the clinical team or by raising the request with the department manager.,results
How are genetic test results handled differently from routine results?,Genetic results have implications for family members as well as the patient and are typically explained through a specialist genetics counselling service.,results
What if the appointment letter I received is illegible or damaged?,"Contact the booking team who can resend the appointment details by post, email, or text so you have clear information before attending.",practicalities
What should I do if I have not heard back from the hospital after my GP made a referral?,Contact the hospital outpatient booking office with your GP's referral date to confirm receipt and ask about the expected waiting time for an appointment.,referral
How do I know if my doctor has experience treating my specific condition?,"You may ask the department about the clinical experience and case volume of the team, and consultant profiles on the hospital website may provide this information.",doctor_info
Can I request that my GP explain my hospital results to me?,Your GP receives a copy of your results and is well placed to explain them in the context of your overall health during a GP appointment.,results
What is a clinical outcome letter and when is it sent?,A clinical outcome letter summarises what was found and decided during a consultation and is sent to the patient and GP after each significant appointment.,results
How do I book an appointment for a child?,A parent or legal guardian can book on behalf of a child by providing the child's patient details and their own contact information.,booking
Can I postpone rather than cancel an appointment?,A deferral can usually be arranged by the booking team and is preferable to an outright cancellation as it keeps you in the system with a pending date.,cancellation
How do I know if my referral has been received by the hospital?,Contact the relevant department or outpatient booking office with your GP's referral date and they can confirm whether it has been received.,referral
What should I do if I cannot complete the medical questionnaire at home before my appointment?,Bring the blank form with you and ask a member of the clinic team to help you complete it before you are called through.,practicalities
What is a triage appointment and why might I be offered one before a full consultation?,A triage appointment is a brief initial assessment to determine the nature and urgency of the patient's need before a full consultation is scheduled.,booking
Is there a specific entrance I should use if I have reduced mobility?,Most hospitals have accessible entrances clearly marked with disability access symbols and the hospital website or reception can provide specific directions.,practicalities
What is a clinical attachment and could it affect who treats me?,"A clinical attachment is a placement for overseas doctors gaining experience in the UK, and they observe care rather than treating patients independently.",doctor_info
Can I record my consultation with the doctor?,"Recording a consultation requires the consent of all parties including the doctor, and the hospital may have a specific policy on this that should be checked in advance.",consultation
Is the outpatient department accessible for patients using wheelchairs?,"Outpatient departments are required to be fully accessible and provide ramps, wide corridors, accessible toilets, and priority seating for patients with mobility needs.",practicalities
How do I find out the name of the receptionist or nurse coordinator for my clinic?,Reception staff in the outpatient department can introduce you to the team and provide contact details for the clinic coordinator if needed.,practicalities
What happens if my appointment overruns and I have transport booked?,Inform reception about your transport arrangements and they can liaise with the clinical team to manage timing or help you rearrange transport if needed.,practicalities
What if I need a chaperone during a physical examination?,Patients may request a chaperone for any physical examination and staff will arrange for a trained chaperone to be present.,consultation
Can I ask for a referral to a different hospital during my consultation?,Patients may request referral to a different hospital for a second opinion or specialist service and the doctor will discuss the options available.,consultation
What if my results are lost or not recorded in the system?,Report this to the clinical team immediately so the laboratory or imaging department can be contacted to locate or reissue the results.,results
Can I request that my appointment is held in a room with no strong chemical smells due to a sensitivity?,Environmental sensitivities can be noted in your patient record and the clinic will try to prepare an appropriate room if this is feasible.,practicalities
Can I cancel an appointment if I feel better and no longer need it?,"Yes, if your symptoms have resolved you should still cancel formally so the slot is not wasted and can be given to another patient.",cancellation
Can I book a same-day appointment for a non-emergency concern?,"Same-day appointments are limited and subject to availability, but contacting the department early in the morning gives the best chance of securing one.",booking
Can I book an interpreter for my appointment at the time of scheduling?,"Yes, interpreter requirements should be mentioned when booking so the hospital can arrange the appropriate language support in advance.",booking
What is a pooled waiting list and how does it affect my appointment?,"A pooled waiting list allows any available doctor in a department to see the next patient rather than assigning a specific clinician, which can reduce waiting times.",booking
What is a fellow in the context of a hospital doctor's grade?,"A fellow is a doctor undertaking advanced specialist training or research beyond standard residency, often in a highly subspecialised area.",doctor_info
Are there translation services available for appointment letters and forms?,Translation of appointment letters and forms can be arranged and patients should notify the department of their language needs when booking.,practicalities
How do I report a concern about the cleanliness of the outpatient waiting area?,Report hygiene concerns to reception staff immediately or use the hospital's feedback system and the facilities team will be notified.,practicalities
How do I check myself in for an appointment using a self-service kiosk?,Some hospitals have self-check-in kiosks where you enter your date of birth or scan a barcode from your appointment letter to register your arrival.,practicalities
Can I book a follow-up appointment before leaving the clinic?,Most departments allow patients to book follow-up appointments at the reception desk immediately after their current consultation.,booking
How long does it take to receive test results?,Routine blood test results are typically available within a few days while imaging or specialist tests may take one to two weeks.,results
Can I request that a specific nurse is present during my consultation?,You may request a preferred nurse if one has been involved in your care before and the department will try to accommodate this where staffing allows.,doctor_info
What does it mean if my doctor is described as an academic clinician?,"An academic clinician divides their time between seeing patients and conducting research, contributing to advances in medical knowledge alongside clinical care.",doctor_info
Can I see a copy of my referral letter?,Patients are entitled to a copy of their referral letter and can request it from either their GP or the hospital records department.,referral
Can I reinstate an appointment after cancelling it?,"You can request a new appointment after cancelling, though you may be placed back on the waiting list and allocated the next available slot.",cancellation
What is a self-referral appointment and how do I book one?,"A self-referral allows patients to book certain services directly without a GP referral, and the hospital's website or reception can advise on which services accept this.",booking
What is a tumour marker test and how are these results explained?,"Tumour marker results are explained by an oncologist or specialist within the context of the clinical picture, as these values alone cannot confirm or exclude cancer.",results
Can I bring a printed copy of an online health record from another country?,"Bringing translated health records is helpful and the doctor can review them to inform the consultation, though they may request independent verification of key findings.",practicalities
What is a choose and book system?,Choose and book is an electronic referral system used in some healthcare systems where the GP sends the referral digitally and the patient can select an appointment online.,referral
What should I do if I feel rushed during my appointment?,"Tell the doctor or nurse that you have further questions and ask for more time, or request a follow-up appointment to continue the discussion.",consultation
What happens if I miss an appointment without cancelling?,A missed appointment is recorded and repeated non-attendance may result in being discharged from the waiting list and referred back to your GP.,cancellation
What information does the referral letter from my GP need to include?,"A referral letter should include the patient's details, clinical history, current medications, reason for referral, and the GP's contact information.",referral
Can I bring a guide dog or assistance animal to my appointment?,Guide dogs and registered assistance animals are permitted throughout the hospital and clinical staff will accommodate their presence during the appointment.,practicalities
Is there a place to charge my phone or device in the outpatient waiting area?,"Charging points may be available in some waiting areas and reception staff can advise on this, though availability is not guaranteed in all departments.",practicalities
What if I need to use the toilet or step away while waiting?,Inform the reception desk if you need to leave the waiting area so you can be notified promptly when the doctor is ready.,practicalities
How is a referral prioritised as urgent versus routine?,"Clinical criteria such as symptom severity, suspected diagnosis, and rate of deterioration determine whether a referral is classified as urgent or routine.",referral
Can I see my own clinical notes during the consultation?,Patients may ask to view their clinical notes and the doctor can go through relevant information with them during or after the appointment.,consultation
How does the hospital manage patients who have difficulty communicating due to a stroke or brain injury?,Speech and language therapists and augmentative communication tools can be arranged to support patients with communication difficulties during consultations.,consultation
What if I develop new symptoms between booking and attending my appointment?,Inform the clinic before your appointment date so the clinical team can assess whether the appointment type or priority needs to be adjusted.,consultation
What should I do if I feel the doctor has not listened to my concerns?,Raise this with the clinic manager or patient relations office who can arrange a further consultation or review of your care.,consultation
Can I ask the doctor to explain things in plain language during the consultation?,Patients are encouraged to ask for explanations in plain language and doctors are expected to communicate in a way that the patient can understand.,consultation
How do I book an appointment for a procedure rather than a consultation?,Procedure bookings are usually arranged by the clinical team after a consultation and the scheduling office will contact you with the details.,booking
How long does it take for a referral to be processed?,"Referrals are usually reviewed and acknowledged within a few working days, after which the patient is contacted to arrange an appointment.",referral
Can I access my test results online?,Many hospitals provide access to test results through a patient portal and you can check whether this is available by asking the clinic reception.,results
How does the hospital manage appointment bookings during a staff shortage?,Clinics may be consolidated or rescheduled during staff shortages and the hospital will contact affected patients with revised appointment details.,booking
How long in advance will the hospital notify me of my appointment date?,"Appointment letters are typically sent at least two weeks in advance for planned consultations, though urgent appointments may be arranged at shorter notice.",booking
What if I cancel my appointment and then decide I need it again soon after?,Contact the booking team to request reinstatement and staff will check whether the original slot is still available or offer the next one.,cancellation
What happens if a test needs to be repeated?,The doctor will explain why the test needs to be repeated and will arrange for a new sample or scan at the appropriate time.,results
What is the role of a medical registrar compared to a specialist registrar?,A medical registrar manages general acute medicine while a specialist registrar is training in a defined specialty such as cardiology or orthopaedics.,doctor_info
Can I ask the doctor how many patients with my condition they see per year?,Clinicians can share information about their clinical volume and this is a reasonable question to ask when assessing expertise for a specific condition.,doctor_info
Can I ask the doctor about clinical trials I might be eligible for?,Patients may ask their doctor about relevant clinical trials and the doctor can provide information or refer them to the research team if appropriate.,consultation
Are biopsy results explained differently from blood test results?,"Biopsy results typically require a detailed consultation to explain pathological findings and their implications, which may take longer to arrange than standard results.",results
Can I request that the doctor writes down the key points from my consultation for me?,Patients may ask the doctor to provide a brief written summary of the main discussion points and next steps at the end of the appointment.,practicalities
Can I request that my appointment take place in a ground floor room?,Accessibility preferences such as ground floor rooms can be noted when booking and the clinic team will try to arrange this.,practicalities
Can I use the hospital wifi while I wait for my appointment?,Guest wifi is available in most hospital outpatient areas and the network name and password are usually displayed on information boards.,practicalities
What is a doctor's area of subspecialty interest and why does it matter?,"A subspecialty interest indicates a doctor's particular focus within a broader specialty, which can be relevant when seeking expert opinion on a specific condition.",doctor_info
How much notice should I give when cancelling an appointment?,Giving at least 24 to 48 hours notice is requested so the slot can be reallocated to another patient.,cancellation
What is a named clinician and why is one assigned to me?,"A named clinician is the doctor with overall responsibility for coordinating your hospital care, providing a clear point of accountability throughout your treatment.",doctor_info
Can I be referred to a private hospital through the public healthcare system?,"In some cases patients may be referred to private providers when waiting times in the public system exceed defined targets, subject to eligibility criteria.",referral
Where can I find multi-faith or spiritual support during my hospital visit?,"Many hospitals have a multi-faith chaplaincy team and a dedicated quiet room for prayer or reflection, and reception staff can direct you to both.",practicalities
Will cancelling an appointment affect my clinical priority?,"Cancellation does not directly alter clinical priority, though repeated cancellations may prompt a clinical review of the patient's current need.",cancellation
What is a triaged referral and what happens during the triage process?,A triaged referral is reviewed by a clinical specialist who decides the appropriate level of urgency and the most suitable service before an appointment is offered.,referral
Can I book repeat appointments for ongoing treatment in advance?,"For patients requiring regular treatment, the scheduling team can arrange a series of appointments so that dates are secured in advance.",booking
Can I be told my results over the phone?,"Simple results such as normal blood tests may be given by phone, but complex or sensitive results are usually communicated in person during a consultation.",results
What is an eReferral system and how does it benefit patients?,"An eReferral system allows GPs to send referrals electronically, reducing delays and allowing patients in some systems to choose an appointment online.",referral
What if I need an appointment outside of normal clinic hours?,"Some hospitals offer extended hour clinics in the evenings or on weekends, and the availability of these can be confirmed with the relevant department.",booking
Can I request that my appointment is scheduled in the morning rather than the afternoon?,Time preferences can be noted when booking and the scheduling team will try to accommodate them subject to clinic availability.,practicalities
Can I reschedule an appointment on the same day it is due?,"Same-day rescheduling is difficult as the slot cannot easily be reallocated, so it is strongly advised to contact the department as early as possible.",cancellation
What is the difference between a consultant and a registrar?,A consultant is a senior fully qualified specialist while a registrar is a doctor in specialist training under the supervision of a consultant.,doctor_info
Can I request that my appointment be kept confidential from certain family members?,Patients may request confidentiality regarding their appointments and hospital staff are bound by privacy obligations to respect this.,booking
How are patients called for their appointment in the waiting room?,"Patients are typically called by name, through a display screen showing patient numbers, or by a staff member from the clinic room.",practicalities
Can I request an adjustment to the appointment format due to a learning disability?,"Adjustments such as longer appointments, simplified written information, or the presence of a support worker can be arranged and should be requested when booking.",practicalities
How are out-of-hours doctors different from your regular clinical team?,Out-of-hours doctors provide cover during evenings and weekends and will have access to your records but may not be the same clinician managing your ongoing care.,doctor_info
How do I know if my follow-up appointment has been scheduled?,The clinic will send a follow-up appointment letter or the booking team will contact you with the date after the initial consultation.,results
How do I cancel an appointment if I have lost the appointment letter?,Contact the outpatient department by phone and provide your name and date of birth so staff can locate your appointment and process the cancellation.,cancellation
Can I request a doctor of a specific religion or cultural background?,Cultural and religious preferences can be expressed when booking and the hospital will endeavour to accommodate them where clinically and operationally feasible.,doctor_info
Can I decline part of a consultation such as a specific examination?,Patients have the right to decline any part of an examination and the doctor will document this and discuss the implications for your care.,consultation
How are results communicated for patients who are deaf or hard of hearing?,Communication adjustments such as written summaries or BSL interpreters can be arranged and should be requested at the time of booking.,results
What should I do if I arrive at the hospital but cannot find the clinic?,Ask at the main information desk or reception who can direct you to the correct department and ensure you check in before your appointment time.,practicalities
Can a specialist communicate results directly to another specialist involved in my care?,Specialists routinely share relevant results and correspondence with each other as part of coordinated multidisciplinary care.,results
What is the role of a physician associate in my outpatient care?,"A physician associate is a trained clinical professional who works under doctor supervision and may conduct consultations, examinations, and follow-ups within their defined scope.",doctor_info
Can I book a video or telephone consultation instead of attending in person?,Many hospitals now offer remote consultations by telephone or video and these can be requested when booking depending on the clinical suitability.,booking
